obs,date,year,month,day,obs_time,sampling_period,locality,site,bar,station,lick,vessel,gear,size_class_1,size_class_2,size_class_3,
1,2020-08-25 16:29,2020,8,25,16:29,Pre-Season,LC,O,1001,LCO1001,1,Gerald Allen,101 x 94 - 18,7,31,33,
2,2020-08-25 16:32,2020,8,25,16:32,Pre-Season,LC,O,1001,LCO1001,2,Gerald Allen,101 x 94 - 18,0,6,8,
3,2020-08-25 16:33,2020,8,25,16:33,Pre-Season,LC,O,1001,LCO1001,3,Gerald Allen,101 x 94 - 18,5,14,26,
4,2020-08-25 16:34,2020,8,25,16:34,Pre-Season,LC,O,1001,LCO1001,4,Gerald Allen,101 x 94 - 18,4,40,31,
5,2020-08-25 16:37,2020,8,25,16:37,Pre-Season,LC,O,1001,LCO1001,5,Gerald Allen,101 x 94 - 18,3,18,14,
6,2020-08-25 16:38,2020,8,25,16:38,Pre-Season,LC,O,1001,LCO1001,6,Gerald Allen,101 x 94 - 18,8,28,27,
7,2020-08-25 16:38,2020,8,25,16:38,Pre-Season,LC,O,1001,LCO1001,7,Gerald Allen,101 x 94 - 18,18,40,33,
8,2020-08-25 16:43,2020,8,25,16:43,Pre-Season,LC,O,1001,LCO1001,8,Gerald Allen,101 x 94 - 18,12,52,17,
9,2020-08-25 16:45,2020,8,25,16:45,Pre-Season,LC,O,1001,LCO1001,9,Gerald Allen,101 x 94 - 18,4,16,12,
10,2020-08-25 16:48,2020,8,25,16:48,Pre-Season,LC,O,1001,LCO1001,10,Gerald Allen,101 x 94 - 18,6,30,27,
11,2020-08-25 16:48,2020,8,25,16:48,Pre-Season,LC,O,1001,LCO1001,11,Gerald Allen,101 x 94 - 18,10,29,13,
12,2020-08-25 16:50,2020,8,25,16:50,Pre-Season,LC,O,1001,LCO1001,12,Gerald Allen,101 x 94 - 18,27,26,27,
13,2020-08-25 16:55,2020,8,25,16:55,Pre-Season,LC,O,1001,LCO1001,13,Gerald Allen,101 x 94 - 18,20,48,38,
14,2020-08-25 16:57,2020,8,25,16:57,Pre-Season,LC,O,1001,LCO1001,14,Gerald Allen,101 x 94 - 18,19,22,25,
15,2020-08-25 17:00,2020,8,25,17:00,Pre-Season,LC,O,1001,LCO1001,15,Gerald Allen,101 x 94 - 18,8,17,29,
16,2020-08-25 17:01,2020,8,25,17:01,Pre-Season,LC,O,1001,LCO1001,16,Gerald Allen,101 x 94 - 18,8,20,25,
17,2020-08-25 17:03,2020,8,25,17:03,Pre-Season,LC,O,1001,LCO1001,17,Gerald Allen,101 x 94 - 18,20,47,35,
18,2020-08-25 17:05,2020,8,25,17:05,Pre-Season,LC,O,1001,LCO1001,18,Gerald Allen,101 x 94 - 18,10,19,11,
19,2020-08-25 17:06,2020,8,25,17:06,Pre-Season,LC,O,1001,LCO1001,19,Gerald Allen,101 x 94 - 18,12,42,19,
20,2020-08-25 17:08,2020,8,25,17:08,Pre-Season,LC,O,1001,LCO1001,20,Gerald Allen,101 x 94 - 18,25,43,34,
21,2020-08-25 17:10,2020,8,25,17:10,Pre-Season,LC,O,1001,LCO1001,21,Gerald Allen,101 x 94 - 18,12,18,16,
22,2020-08-25 17:12,2020,8,25,17:12,Pre-Season,LC,O,1001,LCO1001,22,Gerald Allen,101 x 94 - 18,18,35,27,
23,2020-08-25 17:14,2020,8,25,17:14,Pre-Season,LC,O,1001,LCO1001,23,Gerald Allen,101 x 94 - 18,10,16,17,
24,2020-08-25 17:15,2020,8,25,17:15,Pre-Season,LC,O,1001,LCO1001,24,Gerald Allen,101 x 94 - 18,5,26,25,
25,2020-08-25 17:17,2020,8,25,17:17,Pre-Season,LC,O,1001,LCO1001,25,Gerald Allen,101 x 94 - 18,12,25,17,
26,2020-08-25 17:19,2020,8,25,17:19,Pre-Season,LC,O,1001,LCO1001,26,Gerald Allen,101 x 94 - 18,4,7,2,
27,2020-08-25 17:19,2020,8,25,17:19,Pre-Season,LC,O,1001,LCO1001,27,Gerald Allen,101 x 94 - 18,8,31,16,
28,2020-08-25 17:20,2020,8,25,17:20,Pre-Season,LC,O,1001,LCO1001,28,Gerald Allen,101 x 94 - 18,14,37,15,
29,2020-08-25 17:23,2020,8,25,17:23,Pre-Season,LC,O,1001,LCO1001,29,Gerald Allen,101 x 94 - 18,18,35,33,
30,2020-08-25 17:26,2020,8,25,17:26,Pre-Season,LC,O,1001,LCO1001,30,Gerald Allen,101 x 94 - 18,0,15,13,
31,2020-08-25 15:05,2020,8,25,15:05,Pre-Season,LC,I,1001,LCI1001,1,Gerald Allen,101 x 94 - 18,0,11,0,
32,2020-08-25 15:08,2020,8,25,15:08,Pre-Season,LC,I,1001,LCI1001,2,Gerald Allen,101 x 94 - 18,0,9,4,
33,2020-08-25 15:08,2020,8,25,15:08,Pre-Season,LC,I,1001,LCI1001,3,Gerald Allen,101 x 94 - 18,0,0,0,
34,2020-08-25 15:09,2020,8,25,15:09,Pre-Season,LC,I,1001,LCI1001,4,Gerald Allen,101 x 94 - 18,0,16,1,
35,2020-08-25 15:10,2020,8,25,15:10,Pre-Season,LC,I,1001,LCI1001,5,Gerald Allen,101 x 94 - 18,0,10,3,
36,2020-08-25 15:12,2020,8,25,15:12,Pre-Season,LC,I,1001,LCI1001,6,Gerald Allen,101 x 94 - 18,0,19,2,
37,2020-08-25 15:13,2020,8,25,15:13,Pre-Season,LC,I,1001,LCI1001,7,Gerald Allen,101 x 94 - 18,0,12,1,
38,2020-08-25 15:14,2020,8,25,15:14,Pre-Season,LC,I,1001,LCI1001,8,Gerald Allen,101 x 94 - 18,0,15,6,
39,2020-08-25 15:15,2020,8,25,15:15,Pre-Season,LC,I,1001,LCI1001,9,Gerald Allen,101 x 94 - 18,4,6,6,
40,2020-08-25 15:21,2020,8,25,15:21,Pre-Season,LC,I,1001,LCI1001,10,Gerald Allen,101 x 94 - 18,3,6,1,
41,2020-08-25 15:22,2020,8,25,15:22,Pre-Season,LC,I,1001,LCI1001,11,Gerald Allen,101 x 94 - 18,1,5,2,
42,2020-08-25 15:22,2020,8,25,15:22,Pre-Season,LC,I,1001,LCI1001,12,Gerald Allen,101 x 94 - 18,1,4,6,
43,2020-08-25 15:24,2020,8,25,15:24,Pre-Season,LC,I,1001,LCI1001,13,Gerald Allen,101 x 94 - 18,0,0,1,
44,2020-08-25 15:25,2020,8,25,15:25,Pre-Season,LC,I,1001,LCI1001,14,Gerald Allen,101 x 94 - 18,1,8,3,
45,2020-08-25 15:25,2020,8,25,15:25,Pre-Season,LC,I,1001,LCI1001,15,Gerald Allen,101 x 94 - 18,2,5,2,
46,2020-08-25 15:27,2020,8,25,15:27,Pre-Season,LC,I,1001,LCI1001,16,Gerald Allen,101 x 94 - 18,3,8,3,
47,2020-08-25 15:28,2020,8,25,15:28,Pre-Season,LC,I,1001,LCI1001,17,Gerald Allen,101 x 94 - 18,3,9,3,
48,2020-08-25 15:33,2020,8,25,15:33,Pre-Season,LC,I,1002,LCI1002,18,Gerald Allen,101 x 94 - 18,3,9,0,
49,2020-08-25 15:35,2020,8,25,15:35,Pre-Season,LC,I,1002,LCI1002,19,Gerald Allen,101 x 94 - 18,2,4,3,
50,2020-08-25 15:36,2020,8,25,15:36,Pre-Season,LC,I,1002,LCI1002,20,Gerald Allen,101 x 94 - 18,1,5,2,
51,2020-08-25 15:38,2020,8,25,15:38,Pre-Season,LC,I,1002,LCI1002,21,Gerald Allen,101 x 94 - 18,10,22,17,
52,2020-08-25 15:41,2020,8,25,15:41,Pre-Season,LC,I,1002,LCI1002,22,Gerald Allen,101 x 94 - 18,13,24,6,
53,2020-08-25 15:44,2020,8,25,15:44,Pre-Season,LC,I,1002,LCI1002,23,Gerald Allen,101 x 94 - 18,5,14,14,
54,2020-08-25 15:44,2020,8,25,15:44,Pre-Season,LC,I,1002,LCI1002,24,Gerald Allen,101 x 94 - 18,3,15,13,
55,2020-08-25 15:46,2020,8,25,15:46,Pre-Season,LC,I,1002,LCI1002,25,Gerald Allen,101 x 94 - 18,3,8,7,
56,2020-08-25 15:47,2020,8,25,15:47,Pre-Season,LC,I,1002,LCI1002,26,Gerald Allen,101 x 94 - 18,3,2,4,
57,2020-08-25 15:51,2020,8,25,15:51,Pre-Season,LC,I,1002,LCI1002,27,Gerald Allen,101 x 94 - 18,1,4,3,
58,2020-08-25 15:56,2020,8,25,15:56,Pre-Season,LC,I,1002,LCI1002,28,Gerald Allen,101 x 94 - 18,1,7,3,
59,2020-08-25 15:59,2020,8,25,15:59,Pre-Season,LC,I,1002,LCI1002,29,Gerald Allen,101 x 94 - 18,3,18,14,
60,2020-08-25 16:02,2020,8,25,16:02,Pre-Season,LC,I,1002,LCI1002,30,Gerald Allen,101 x 94 - 18,3,10,9,
61,2020-08-25 15:05,2020,8,25,15:05,Pre-Season,LC,I,1003,LCI1003,1,Jordan Adams,104 x 85 -18,11,0,1,
62,2020-08-25 15:07,2020,8,25,15:07,Pre-Season,LC,I,1003,LCI1003,2,Jordan Adams,104 x 85 -18,6,0,3,
63,2020-08-25 15:11,2020,8,25,15:11,Pre-Season,LC,I,1003,LCI1003,3,Jordan Adams,104 x 85 -18,11,0,2,
64,2020-08-25 15:13,2020,8,25,15:13,Pre-Season,LC,I,1003,LCI1003,4,Jordan Adams,104 x 85 -18,0,0,6,
65,2020-08-25 15:13,2020,8,25,15:13,Pre-Season,LC,I,1003,LCI1003,5,Jordan Adams,104 x 85 -18,3,0,2,
66,2020-08-25 15:15,2020,8,25,15:15,Pre-Season,LC,I,1003,LCI1003,6,Jordan Adams,104 x 85 -18,7,0,7,
67,2020-08-25 15:15,2020,8,25,15:15,Pre-Season,LC,I,1003,LCI1003,7,Jordan Adams,104 x 85 -18,7,0,5,
68,2020-08-25 15:16,2020,8,25,15:16,Pre-Season,LC,I,1003,LCI1003,8,Jordan Adams,104 x 85 -18,6,0,6,
69,2020-08-25 15:16,2020,8,25,15:16,Pre-Season,LC,I,1003,LCI1003,9,Jordan Adams,104 x 85 -18,1,0,1,
70,2020-08-25 15:18,2020,8,25,15:18,Pre-Season,LC,I,1003,LCI1003,10,Jordan Adams,104 x 85 -18,1,0,6,
71,2020-08-25 15:18,2020,8,25,15:18,Pre-Season,LC,I,1003,LCI1003,11,Jordan Adams,104 x 85 -18,1,0,6,
72,2020-08-25 15:19,2020,8,25,15:19,Pre-Season,LC,I,1003,LCI1003,12,Jordan Adams,104 x 85 -18,2,1,1,
73,2020-08-25 15:20,2020,8,25,15:20,Pre-Season,LC,I,1003,LCI1003,13,Jordan Adams,104 x 85 -18,4,1,4,
74,2020-08-25 15:21,2020,8,25,15:21,Pre-Season,LC,I,1003,LCI1003,14,Jordan Adams,104 x 85 -18,6,0,3,
75,2020-08-25 15:23,2020,8,25,15:23,Pre-Season,LC,I,1003,LCI1003,15,Jordan Adams,104 x 85 -18,1,0,3,
76,2020-08-25 15:23,2020,8,25,15:23,Pre-Season,LC,I,1003,LCI1003,16,Jordan Adams,104 x 85 -18,4,0,9,
77,2020-08-25 15:24,2020,8,25,15:24,Pre-Season,LC,I,1003,LCI1003,17,Jordan Adams,104 x 85 -18,1,0,4,
78,2020-08-25 15:24,2020,8,25,15:24,Pre-Season,LC,I,1003,LCI1003,18,Jordan Adams,104 x 85 -18,1,0,8,
79,2020-08-25 15:25,2020,8,25,15:25,Pre-Season,LC,I,1003,LCI1003,19,Jordan Adams,104 x 85 -18,1,0,4,
80,2020-08-25 15:25,2020,8,25,15:25,Pre-Season,LC,I,1003,LCI1003,20,Jordan Adams,104 x 85 -18,6,0,0,
81,2020-08-25 15:28,2020,8,25,15:28,Pre-Season,LC,I,1003,LCI1003,21,Jordan Adams,104 x 85 -18,7,0,2,
82,2020-08-25 15:31,2020,8,25,15:31,Pre-Season,LC,I,1003,LCI1003,22,Jordan Adams,104 x 85 -18,0,0,1,
83,2020-08-25 15:33,2020,8,25,15:33,Pre-Season,LC,I,1003,LCI1003,23,Jordan Adams,104 x 85 -18,0,0,2,
84,2020-08-25 15:34,2020,8,25,15:34,Pre-Season,LC,I,1003,LCI1003,24,Jordan Adams,104 x 85 -18,3,0,0,
85,2020-08-25 15:35,2020,8,25,15:35,Pre-Season,LC,I,1003,LCI1003,25,Jordan Adams,104 x 85 -18,9,1,7,
86,2020-08-25 15:36,2020,8,25,15:36,Pre-Season,LC,I,1003,LCI1003,26,Jordan Adams,104 x 85 -18,9,1,6,
87,2020-08-25 15:36,2020,8,25,15:36,Pre-Season,LC,I,1003,LCI1003,27,Jordan Adams,104 x 85 -18,11,2,5,
88,2020-08-25 15:37,2020,8,25,15:37,Pre-Season,LC,I,1003,LCI1003,28,Jordan Adams,104 x 85 -18,4,0,3,
89,2020-08-25 15:38,2020,8,25,15:38,Pre-Season,LC,I,1003,LCI1003,29,Jordan Adams,104 x 85 -18,9,0,1,
90,2020-08-25 15:39,2020,8,25,15:39,Pre-Season,LC,I,1003,LCI1003,30,Jordan Adams,104 x 85 -18,4,0,2,
91,2020-08-25 16:32,2020,8,25,16:32,Pre-Season,LC,O,1001,LCO1001,1,Jordan Adams,104 x 85 -18,2,0,0,
92,2020-08-25 16:33,2020,8,25,16:33,Pre-Season,LC,O,1001,LCO1001,2,Jordan Adams,104 x 85 -18,1,0,1,
93,2020-08-25 16:33,2020,8,25,16:33,Pre-Season,LC,O,1001,LCO1001,3,Jordan Adams,104 x 85 -18,10,4,9,
94,2020-08-25 16:34,2020,8,25,16:34,Pre-Season,LC,O,1001,LCO1001,4,Jordan Adams,104 x 85 -18,16,4,26,
95,2020-08-25 16:35,2020,8,25,16:35,Pre-Season,LC,O,1001,LCO1001,5,Jordan Adams,104 x 85 -18,16,6,14,
96,2020-08-25 16:39,2020,8,25,16:39,Pre-Season,LC,O,1001,LCO1001,6,Jordan Adams,104 x 85 -18,23,5,19,
97,2020-08-25 16:40,2020,8,25,16:40,Pre-Season,LC,O,1001,LCO1001,7,Jordan Adams,104 x 85 -18,11,11,22,
98,2020-08-25 16:42,2020,8,25,16:42,Pre-Season,LC,O,1001,LCO1001,8,Jordan Adams,104 x 85 -18,6,9,18,
99,2020-08-25 16:42,2020,8,25,16:42,Pre-Season,LC,O,1001,LCO1001,9,Jordan Adams,104 x 85 -18,4,6,8,
100,2020-08-25 16:43,2020,8,25,16:43,Pre-Season,LC,O,1001,LCO1001,10,Jordan Adams,104 x 85 -18,14,19,17,
101,2020-08-25 16:47,2020,8,25,16:47,Pre-Season,LC,O,1001,LCO1001,11,Jordan Adams,104 x 85 -18,3,7,5,
102,2020-08-25 16:50,2020,8,25,16:50,Pre-Season,LC,O,1001,LCO1001,12,Jordan Adams,104 x 85 -18,3,5,11,
103,2020-08-25 16:51,2020,8,25,16:51,Pre-Season,LC,O,1001,LCO1001,13,Jordan Adams,104 x 85 -18,11,17,30,
104,2020-08-25 16:52,2020,8,25,16:52,Pre-Season,LC,O,1001,LCO1001,14,Jordan Adams,104 x 85 -18,11,14,14,
105,2020-08-25 16:54,2020,8,25,16:54,Pre-Season,LC,O,1001,LCO1001,15,Jordan Adams,104 x 85 -18,4,6,19,
106,2020-08-25 16:57,2020,8,25,16:57,Pre-Season,LC,O,1001,LCO1001,16,Jordan Adams,104 x 85 -18,4,17,10,
107,2020-08-25 17:00,2020,8,25,17:00,Pre-Season,LC,O,1001,LCO1001,17,Jordan Adams,104 x 85 -18,0,17,17,
108,2020-08-25 17:01,2020,8,25,17:01,Pre-Season,LC,O,1001,LCO1001,18,Jordan Adams,104 x 85 -18,2,25,14,
109,2020-08-25 17:06,2020,8,25,17:06,Pre-Season,LC,O,1001,LCO1001,19,Jordan Adams,104 x 85 -18,2,15,12,
110,2020-08-25 17:08,2020,8,25,17:08,Pre-Season,LC,O,1001,LCO1001,20,Jordan Adams,104 x 85 -18,22,11,14,
111,2020-08-25 17:09,2020,8,25,17:09,Pre-Season,LC,O,1001,LCO1001,21,Jordan Adams,104 x 85 -18,1,27,35,
112,2020-08-25 17:10,2020,8,25,17:10,Pre-Season,LC,O,1001,LCO1001,22,Jordan Adams,104 x 85 -18,3,23,9,
113,2020-08-25 17:12,2020,8,25,17:12,Pre-Season,LC,O,1001,LCO1001,23,Jordan Adams,104 x 85 -18,13,21,26,
114,2020-08-25 17:13,2020,8,25,17:13,Pre-Season,LC,O,1001,LCO1001,24,Jordan Adams,104 x 85 -18,21,25,14,
115,2020-08-25 17:14,2020,8,25,17:14,Pre-Season,LC,O,1001,LCO1001,25,Jordan Adams,104 x 85 -18,11,18,10,
116,2020-08-25 17:15,2020,8,25,17:15,Pre-Season,LC,O,1001,LCO1001,26,Jordan Adams,104 x 85 -18,14,17,24,
117,2020-08-25 17:17,2020,8,25,17:17,Pre-Season,LC,O,1001,LCO1001,27,Jordan Adams,104 x 85 -18,14,17,9,
118,2020-08-25 17:20,2020,8,25,17:20,Pre-Season,LC,O,1001,LCO1001,28,Jordan Adams,104 x 85 -18,7,20,7,
119,2020-08-25 17:23,2020,8,25,17:23,Pre-Season,LC,O,1001,LCO1001,29,Jordan Adams,104 x 85 -18,24,67,23,
120,2020-08-25 17:24,2020,8,25,17:24,Pre-Season,LC,O,1001,LCO1001,30,Jordan Adams,104 x 85 -18,24,31,14,
121,2020-08-25 16:29,2020,8,25,16:29,Pre-Season,LC,O,1001,LCO1001,1,Jeanine Beckman,73 x 73 - 12,6,18,8,
122,2020-08-25 16:31,2020,8,25,16:31,Pre-Season,LC,O,1001,LCO1001,2,Jeanine Beckman,73 x 73 - 12,4,39,37,
123,2020-08-25 16:33,2020,8,25,16:33,Pre-Season,LC,O,1001,LCO1001,3,Jeanine Beckman,73 x 73 - 12,7,58,22,
124,2020-08-25 16:34,2020,8,25,16:34,Pre-Season,LC,O,1001,LCO1001,4,Jeanine Beckman,73 x 73 - 12,4,6,8,
125,2020-08-25 16:35,2020,8,25,16:35,Pre-Season,LC,O,1001,LCO1001,5,Jeanine Beckman,73 x 73 - 12,168,48,24,
126,2020-08-25 16:37,2020,8,25,16:37,Pre-Season,LC,O,1001,LCO1001,6,Jeanine Beckman,73 x 73 - 12,101,64,22,
127,2020-08-25 16:39,2020,8,25,16:39,Pre-Season,LC,O,1001,LCO1001,7,Jeanine Beckman,73 x 73 - 12,4,12,18,
128,2020-08-25 16:40,2020,8,25,16:40,Pre-Season,LC,O,1001,LCO1001,8,Jeanine Beckman,73 x 73 - 12,42,12,27,
129,2020-08-25 16:41,2020,8,25,16:41,Pre-Season,LC,O,1001,LCO1001,9,Jeanine Beckman,73 x 73 - 12,61,19,57,
130,2020-08-25 16:43,2020,8,25,16:43,Pre-Season,LC,O,1001,LCO1001,10,Jeanine Beckman,73 x 73 - 12,40,33,34,
131,2020-08-25 16:45,2020,8,25,16:45,Pre-Season,LC,O,1001,LCO1001,11,Jeanine Beckman,73 x 73 - 12,24,16,4,
132,2020-08-25 16:47,2020,8,25,16:47,Pre-Season,LC,O,1001,LCO1001,12,Jeanine Beckman,73 x 73 - 12,24,82,28,
133,2020-08-25 16:47,2020,8,25,16:47,Pre-Season,LC,O,1001,LCO1001,13,Jeanine Beckman,73 x 73 - 12,76,32,11,
134,2020-08-25 16:50,2020,8,25,16:50,Pre-Season,LC,O,1001,LCO1001,14,Jeanine Beckman,73 x 73 - 12,89,56,31,
135,2020-08-25 16:52,2020,8,25,16:52,Pre-Season,LC,O,1001,LCO1001,15,Jeanine Beckman,73 x 73 - 12,461,50,28,
136,2020-08-25 16:55,2020,8,25,16:55,Pre-Season,LC,O,1001,LCO1001,16,Jeanine Beckman,73 x 73 - 12,260,45,19,
137,2020-08-25 16:56,2020,8,25,16:56,Pre-Season,LC,O,1001,LCO1001,17,Jeanine Beckman,73 x 73 - 12,32,8,21,
138,2020-08-25 16:58,2020,8,25,16:58,Pre-Season,LC,O,1001,LCO1001,18,Jeanine Beckman,73 x 73 - 12,87,62,14,
139,2020-08-25 17:00,2020,8,25,17:00,Pre-Season,LC,O,1001,LCO1001,19,Jeanine Beckman,73 x 73 - 12,77,34,8,
140,2020-08-25 17:01,2020,8,25,17:01,Pre-Season,LC,O,1001,LCO1001,20,Jeanine Beckman,73 x 73 - 12,91,46,18,
141,2020-08-25 17:02,2020,8,25,17:02,Pre-Season,LC,O,1001,LCO1001,21,Jeanine Beckman,73 x 73 - 12,40,41,22,
142,2020-08-25 17:04,2020,8,25,17:04,Pre-Season,LC,O,1001,LCO1001,22,Jeanine Beckman,73 x 73 - 12,50,46,16,
143,2020-08-25 17:06,2020,8,25,17:06,Pre-Season,LC,O,1001,LCO1001,23,Jeanine Beckman,73 x 73 - 12,32,96,24,
144,2020-08-25 17:08,2020,8,25,17:08,Pre-Season,LC,O,1001,LCO1001,24,Jeanine Beckman,73 x 73 - 12,22,49,18,
145,2020-08-25 17:09,2020,8,25,17:09,Pre-Season,LC,O,1001,LCO1001,25,Jeanine Beckman,73 x 73 - 12,39,77,12,
146,2020-08-25 17:10,2020,8,25,17:10,Pre-Season,LC,O,1001,LCO1001,26,Jeanine Beckman,73 x 73 - 12,111,82,31,
147,2020-08-25 17:12,2020,8,25,17:12,Pre-Season,LC,O,1001,LCO1001,27,Jeanine Beckman,73 x 73 - 12,14,21,37,
148,2020-08-25 17:13,2020,8,25,17:13,Pre-Season,LC,O,1001,LCO1001,28,Jeanine Beckman,73 x 73 - 12,44,66,19,
149,2020-08-25 17:14,2020,8,25,17:14,Pre-Season,LC,O,1001,LCO1001,29,Jeanine Beckman,73 x 73 - 12,38,22,10,
150,2020-08-25 17:16,2020,8,25,17:16,Pre-Season,LC,O,1001,LCO1001,30,Jeanine Beckman,73 x 73 - 12,60,12,4,
151,2020-08-25 15:22,2020,8,25,15:22,Pre-Season,LC,I,1004,LCI1004,1,Jeanine Beckman,73 x 73 - 12,2,7,2,
152,2020-08-25 15:22,2020,8,25,15:22,Pre-Season,LC,I,1004,LCI1004,2,Jeanine Beckman,73 x 73 - 12,3,5,0,
153,2020-08-25 15:23,2020,8,25,15:23,Pre-Season,LC,I,1004,LCI1004,3,Jeanine Beckman,73 x 73 - 12,3,3,6,
154,2020-08-25 15:23,2020,8,25,15:23,Pre-Season,LC,I,1004,LCI1004,4,Jeanine Beckman,73 x 73 - 12,2,5,2,
155,2020-08-25 15:24,2020,8,25,15:24,Pre-Season,LC,I,1004,LCI1004,5,Jeanine Beckman,73 x 73 - 12,16,31,6,
156,2020-08-25 15:25,2020,8,25,15:25,Pre-Season,LC,I,1004,LCI1004,6,Jeanine Beckman,73 x 73 - 12,12,7,8,
157,2020-08-25 15:26,2020,8,25,15:26,Pre-Season,LC,I,1004,LCI1004,7,Jeanine Beckman,73 x 73 - 12,18,17,2,
158,2020-08-25 15:27,2020,8,25,15:27,Pre-Season,LC,I,1004,LCI1004,8,Jeanine Beckman,73 x 73 - 12,16,28,6,
159,2020-08-25 15:28,2020,8,25,15:28,Pre-Season,LC,I,1004,LCI1004,9,Jeanine Beckman,73 x 73 - 12,6,20,1,
160,2020-08-25 15:30,2020,8,25,15:30,Pre-Season,LC,I,1004,LCI1004,10,Jeanine Beckman,73 x 73 - 12,18,62,8,
161,2020-08-25 15:30,2020,8,25,15:30,Pre-Season,LC,I,1004,LCI1004,11,Jeanine Beckman,73 x 73 - 12,39,9,4,
162,2020-08-25 15:31,2020,8,25,15:31,Pre-Season,LC,I,1004,LCI1004,12,Jeanine Beckman,73 x 73 - 12,29,31,6,
163,2020-08-25 15:42,2020,8,25,15:42,Pre-Season,LC,I,1005,LCI1005,13,Jeanine Beckman,73 x 73 - 12,14,6,2,
164,2020-08-25 15:43,2020,8,25,15:43,Pre-Season,LC,I,1005,LCI1005,14,Jeanine Beckman,73 x 73 - 12,32,26,2,
165,2020-08-25 15:46,2020,8,25,15:46,Pre-Season,LC,I,1005,LCI1005,15,Jeanine Beckman,73 x 73 - 12,18,23,1,
166,2020-08-25 15:46,2020,8,25,15:46,Pre-Season,LC,I,1005,LCI1005,16,Jeanine Beckman,73 x 73 - 12,14,6,0,
167,2020-08-25 15:47,2020,8,25,15:47,Pre-Season,LC,I,1005,LCI1005,17,Jeanine Beckman,73 x 73 - 12,12,20,14,
168,2020-08-25 15:48,2020,8,25,15:48,Pre-Season,LC,I,1005,LCI1005,18,Jeanine Beckman,73 x 73 - 12,6,16,4,
169,2020-08-25 15:48,2020,8,25,15:48,Pre-Season,LC,I,1005,LCI1005,19,Jeanine Beckman,73 x 73 - 12,17,18,1,
170,2020-08-25 15:50,2020,8,25,15:50,Pre-Season,LC,I,1005,LCI1005,20,Jeanine Beckman,73 x 73 - 12,19,17,10,
171,2020-08-25 15:50,2020,8,25,15:50,Pre-Season,LC,I,1005,LCI1005,21,Jeanine Beckman,73 x 73 - 12,37,16,3,
172,2020-08-25 15:51,2020,8,25,15:51,Pre-Season,LC,I,1005,LCI1005,22,Jeanine Beckman,73 x 73 - 12,31,17,10,
173,2020-08-25 15:52,2020,8,25,15:52,Pre-Season,LC,I,1005,LCI1005,23,Jeanine Beckman,73 x 73 - 12,48,22,7,
174,2020-08-25 15:52,2020,8,25,15:52,Pre-Season,LC,I,1005,LCI1005,24,Jeanine Beckman,73 x 73 - 12,42,30,6,
175,2020-08-25 15:53,2020,8,25,15:53,Pre-Season,LC,I,1005,LCI1005,25,Jeanine Beckman,73 x 73 - 12,20,18,4,
176,2020-08-25 15:53,2020,8,25,15:53,Pre-Season,LC,I,1005,LCI1005,26,Jeanine Beckman,73 x 73 - 12,146,57,21,
177,2020-08-25 15:54,2020,8,25,15:54,Pre-Season,LC,I,1005,LCI1005,27,Jeanine Beckman,73 x 73 - 12,22,27,11,
178,2020-08-25 15:55,2020,8,25,15:55,Pre-Season,LC,I,1005,LCI1005,28,Jeanine Beckman,73 x 73 - 12,11,23,6,
179,2020-08-25 15:56,2020,8,25,15:56,Pre-Season,LC,I,1005,LCI1005,29,Jeanine Beckman,73 x 73 - 12,9,22,1,
180,2020-08-25 15:56,2020,8,25,15:56,Pre-Season,LC,I,1005,LCI1005,30,Jeanine Beckman,73 x 73 - 12,6,34,4,
181,2020-08-25 15:13,2020,8,25,15:13,Pre-Season,LC,I,1006,LCI1006,1,Jerald Beckham,80 x 84 - 14,0,16,7,
182,2020-08-25 15:13,2020,8,25,15:13,Pre-Season,LC,I,1006,LCI1006,2,Jerald Beckham,80 x 84 - 14,0,13,1,
183,2020-08-25 15:13,2020,8,25,15:13,Pre-Season,LC,I,1006,LCI1006,3,Jerald Beckham,80 x 84 - 14,0,16,8,
184,2020-08-25 15:16,2020,8,25,15:16,Pre-Season,LC,I,1006,LCI1006,4,Jerald Beckham,80 x 84 - 14,0,7,3,
185,2020-08-25 15:16,2020,8,25,15:16,Pre-Season,LC,I,1006,LCI1006,5,Jerald Beckham,80 x 84 - 14,0,6,2,
186,2020-08-25 15:20,2020,8,25,15:20,Pre-Season,LC,I,1006,LCI1006,6,Jerald Beckham,80 x 84 - 14,0,6,3,
187,2020-08-25 15:21,2020,8,25,15:21,Pre-Season,LC,I,1006,LCI1006,7,Jerald Beckham,80 x 84 - 14,2,16,6,
188,2020-08-25 15:21,2020,8,25,15:21,Pre-Season,LC,I,1006,LCI1006,8,Jerald Beckham,80 x 84 - 14,1,9,11,
189,2020-08-25 15:22,2020,8,25,15:22,Pre-Season,LC,I,1006,LCI1006,9,Jerald Beckham,80 x 84 - 14,0,3,1,
190,2020-08-25 15:24,2020,8,25,15:24,Pre-Season,LC,I,1006,LCI1006,10,Jerald Beckham,80 x 84 - 14,1,9,4,
191,2020-08-25 15:24,2020,8,25,15:24,Pre-Season,LC,I,1006,LCI1006,11,Jerald Beckham,80 x 84 - 14,3,7,6,
192,2020-08-25 15:25,2020,8,25,15:25,Pre-Season,LC,I,1006,LCI1006,12,Jerald Beckham,80 x 84 - 14,1,3,2,
193,2020-08-25 15:27,2020,8,25,15:27,Pre-Season,LC,I,1006,LCI1006,13,Jerald Beckham,80 x 84 - 14,0,11,3,
194,2020-08-25 15:28,2020,8,25,15:28,Pre-Season,LC,I,1006,LCI1006,14,Jerald Beckham,80 x 84 - 14,0,11,3,
195,2020-08-25 15:29,2020,8,25,15:29,Pre-Season,LC,I,1006,LCI1006,15,Jerald Beckham,80 x 84 - 14,0,5,3,
196,2020-08-25 15:38,2020,8,25,15:38,Pre-Season,LC,I,1006,LCI1006,16,Jerald Beckham,80 x 84 - 14,0,4,8,
197,2020-08-25 15:38,2020,8,25,15:38,Pre-Season,LC,I,1006,LCI1006,17,Jerald Beckham,80 x 84 - 14,0,6,5,
198,2020-08-25 15:42,2020,8,25,15:42,Pre-Season,LC,I,1006,LCI1006,18,Jerald Beckham,80 x 84 - 14,0,7,4,
199,2020-08-25 15:44,2020,8,25,15:44,Pre-Season,LC,I,1006,LCI1006,19,Jerald Beckham,80 x 84 - 14,0,2,1,
200,2020-08-25 15:46,2020,8,25,15:46,Pre-Season,LC,I,1006,LCI1006,20,Jerald Beckham,80 x 84 - 14,2,5,4,
201,2020-08-25 15:46,2020,8,25,15:46,Pre-Season,LC,I,1006,LCI1006,21,Jerald Beckham,80 x 84 - 14,2,19,11,
202,2020-08-25 15:45,2020,8,25,15:45,Pre-Season,LC,I,1006,LCI1006,22,Jerald Beckham,80 x 84 - 14,0,7,7,
203,2020-08-25 15:47,2020,8,25,15:47,Pre-Season,LC,I,1006,LCI1006,23,Jerald Beckham,80 x 84 - 14,0,6,5,
204,2020-08-25 15:47,2020,8,25,15:47,Pre-Season,LC,I,1006,LCI1006,24,Jerald Beckham,80 x 84 - 14,0,2,1,
205,2020-08-25 15:48,2020,8,25,15:48,Pre-Season,LC,I,1006,LCI1006,25,Jerald Beckham,80 x 84 - 14,0,10,11,
206,2020-08-25 15:48,2020,8,25,15:48,Pre-Season,LC,I,1006,LCI1006,26,Jerald Beckham,80 x 84 - 14,0,8,4,
207,2020-08-25 15:49,2020,8,25,15:49,Pre-Season,LC,I,1006,LCI1006,27,Jerald Beckham,80 x 84 - 14,2,10,7,
208,2020-08-25 15:49,2020,8,25,15:49,Pre-Season,LC,I,1006,LCI1006,28,Jerald Beckham,80 x 84 - 14,1,9,5,
209,2020-08-25 15:50,2020,8,25,15:50,Pre-Season,LC,I,1006,LCI1006,29,Jerald Beckham,80 x 84 - 14,0,2,4,
210,2020-08-25 15:52,2020,8,25,15:52,Pre-Season,LC,I,1006,LCI1006,30,Jerald Beckham,80 x 84 - 14,0,12,7,
211,2020-08-25 16:31,2020,8,25,16:31,Pre-Season,LC,O,1001,LCO1001,1,Jerald Beckham,80 x 84 - 14,0,1,2,
212,2020-08-25 16:31,2020,8,25,16:31,Pre-Season,LC,O,1001,LCO1001,2,Jerald Beckham,80 x 84 - 14,0,16,2,
213,2020-08-25 16:34,2020,8,25,16:34,Pre-Season,LC,O,1001,LCO1001,3,Jerald Beckham,80 x 84 - 14,0,11,7,
214,2020-08-25 16:34,2020,8,25,16:34,Pre-Season,LC,O,1001,LCO1001,4,Jerald Beckham,80 x 84 - 14,3,27,12,
215,2020-08-25 16:38,2020,8,25,16:38,Pre-Season,LC,O,1001,LCO1001,5,Jerald Beckham,80 x 84 - 14,0,12,3,
216,2020-08-25 16:40,2020,8,25,16:40,Pre-Season,LC,O,1001,LCO1001,6,Jerald Beckham,80 x 84 - 14,0,18,7,
217,2020-08-25 16:41,2020,8,25,16:41,Pre-Season,LC,O,1001,LCO1001,7,Jerald Beckham,80 x 84 - 14,0,9,11,
218,2020-08-25 16:42,2020,8,25,16:42,Pre-Season,LC,O,1001,LCO1001,8,Jerald Beckham,80 x 84 - 14,5,44,13,
219,2020-08-25 16:46,2020,8,25,16:46,Pre-Season,LC,O,1001,LCO1001,9,Jerald Beckham,80 x 84 - 14,2,16,6,
220,2020-08-25 16:48,2020,8,25,16:48,Pre-Season,LC,O,1001,LCO1001,10,Jerald Beckham,80 x 84 - 14,0,17,4,
221,2020-08-25 16:50,2020,8,25,16:50,Pre-Season,LC,O,1001,LCO1001,11,Jerald Beckham,80 x 84 - 14,0,18,11,
222,2020-08-25 16:52,2020,8,25,16:52,Pre-Season,LC,O,1001,LCO1001,12,Jerald Beckham,80 x 84 - 14,0,9,5,
223,2020-08-25 16:53,2020,8,25,16:53,Pre-Season,LC,O,1001,LCO1001,13,Jerald Beckham,80 x 84 - 14,3,13,8,
224,2020-08-25 16:55,2020,8,25,16:55,Pre-Season,LC,O,1001,LCO1001,14,Jerald Beckham,80 x 84 - 14,1,11,5,
225,2020-08-25 16:56,2020,8,25,16:56,Pre-Season,LC,O,1001,LCO1001,15,Jerald Beckham,80 x 84 - 14,0,7,2,
226,2020-08-25 16:58,2020,8,25,16:58,Pre-Season,LC,O,1001,LCO1001,16,Jerald Beckham,80 x 84 - 14,9,10,16,
227,2020-08-25 17:01,2020,8,25,17:01,Pre-Season,LC,O,1001,LCO1001,17,Jerald Beckham,80 x 84 - 14,3,7,6,
228,2020-08-25 17:03,2020,8,25,17:03,Pre-Season,LC,O,1001,LCO1001,18,Jerald Beckham,80 x 84 - 14,0,8,3,
229,2020-08-25 17:04,2020,8,25,17:04,Pre-Season,LC,O,1001,LCO1001,19,Jerald Beckham,80 x 84 - 14,4,15,9,
230,2020-08-25 17:06,2020,8,25,17:06,Pre-Season,LC,O,1001,LCO1001,20,Jerald Beckham,80 x 84 - 14,12,10,13,
231,2020-08-25 17:08,2020,8,25,17:08,Pre-Season,LC,O,1001,LCO1001,21,Jerald Beckham,80 x 84 - 14,1,5,6,
232,2020-08-25 17:09,2020,8,25,17:09,Pre-Season,LC,O,1001,LCO1001,22,Jerald Beckham,80 x 84 - 14,4,7,14,
233,2020-08-25 17:11,2020,8,25,17:11,Pre-Season,LC,O,1001,LCO1001,23,Jerald Beckham,80 x 84 - 14,7,9,11,
234,2020-08-25 17:12,2020,8,25,17:12,Pre-Season,LC,O,1001,LCO1001,24,Jerald Beckham,80 x 84 - 14,2,18,7,
235,2020-08-25 17:15,2020,8,25,17:15,Pre-Season,LC,O,1001,LCO1001,25,Jerald Beckham,80 x 84 - 14,0,17,8,
236,2020-08-25 17:17,2020,8,25,17:17,Pre-Season,LC,O,1001,LCO1001,26,Jerald Beckham,80 x 84 - 14,4,17,9,
237,2020-08-25 17:19,2020,8,25,17:19,Pre-Season,LC,O,1001,LCO1001,27,Jerald Beckham,80 x 84 - 14,2,5,15,
238,2020-08-25 17:21,2020,8,25,17:21,Pre-Season,LC,O,1001,LCO1001,28,Jerald Beckham,80 x 84 - 14,0,8,10,
239,2020-08-25 17:23,2020,8,25,17:23,Pre-Season,LC,O,1001,LCO1001,29,Jerald Beckham,80 x 84 - 14,1,9,6,
240,2020-08-25 17:24,2020,8,25,17:24,Pre-Season,LC,O,1001,LCO1001,30,Jerald Beckham,80 x 84 - 14,3,18,16,
241,2020-08-26 14:30,2020,8,26,14:30,Pre-Season,CR,N,1001,CRN1001,1,George Stevens,101 x 94 - 18,24,76,8,
242,2020-08-26 14:32,2020,8,26,14:32,Pre-Season,CR,N,1001,CRN1001,2,George Stevens,101 x 94 - 18,29,82,6,
243,2020-08-26 14:33,2020,8,26,14:33,Pre-Season,CR,N,1001,CRN1001,3,George Stevens,101 x 94 - 18,21,70,4,
244,2020-08-26 14:36,2020,8,26,14:36,Pre-Season,CR,N,1001,CRN1001,4,George Stevens,101 x 94 - 18,18,42,2,
245,2020-08-26 14:37,2020,8,26,14:37,Pre-Season,CR,N,1001,CRN1001,5,George Stevens,101 x 94 - 18,22,21,3,
246,2020-08-26 14:39,2020,8,26,14:39,Pre-Season,CR,N,1001,CRN1001,6,George Stevens,101 x 94 - 18,6,13,2,
247,2020-08-26 14:39,2020,8,26,14:39,Pre-Season,CR,N,1001,CRN1001,7,George Stevens,101 x 94 - 18,22,12,5,
248,2020-08-26 14:40,2020,8,26,14:40,Pre-Season,CR,N,1001,CRN1001,8,George Stevens,101 x 94 - 18,18,10,0,
249,2020-08-26 14:41,2020,8,26,14:41,Pre-Season,CR,N,1001,CRN1001,9,George Stevens,101 x 94 - 18,11,18,4,
250,2020-08-26 14:43,2020,8,26,14:43,Pre-Season,CR,N,1001,CRN1001,10,George Stevens,101 x 94 - 18,8,11,5,
251,2020-08-26 14:44,2020,8,26,14:44,Pre-Season,CR,N,1001,CRN1001,11,George Stevens,101 x 94 - 18,6,4,0,
252,2020-08-26 14:45,2020,8,26,14:45,Pre-Season,CR,N,1001,CRN1001,12,George Stevens,101 x 94 - 18,3,6,1,
253,2020-08-26 14:46,2020,8,26,14:46,Pre-Season,CR,N,1001,CRN1001,13,George Stevens,101 x 94 - 18,6,7,3,
254,2020-08-26 14:47,2020,8,26,14:47,Pre-Season,CR,N,1001,CRN1001,14,George Stevens,101 x 94 - 18,3,4,5,
255,2020-08-26 14:48,2020,8,26,14:48,Pre-Season,CR,N,1001,CRN1001,15,George Stevens,101 x 94 - 18,0,6,2,
256,2020-08-26 14:50,2020,8,26,14:50,Pre-Season,CR,N,1001,CRN1001,16,George Stevens,101 x 94 - 18,2,5,2,
257,2020-08-26 14:54,2020,8,26,14:54,Pre-Season,CR,N,1002,CRN1002,17,George Stevens,101 x 94 - 18,26,16,4,
258,2020-08-26 14:56,2020,8,26,14:56,Pre-Season,CR,N,1002,CRN1002,18,George Stevens,101 x 94 - 18,16,24,4,
259,2020-08-26 14:57,2020,8,26,14:57,Pre-Season,CR,N,1002,CRN1002,19,George Stevens,101 x 94 - 18,12,26,2,
260,2020-08-26 14:58,2020,8,26,14:58,Pre-Season,CR,N,1002,CRN1002,20,George Stevens,101 x 94 - 18,8,30,4,
261,2020-08-26 15:00,2020,8,26,15:00,Pre-Season,CR,N,1002,CRN1002,21,George Stevens,101 x 94 - 18,12,48,6,
262,2020-08-26 15:01,2020,8,26,15:01,Pre-Season,CR,N,1002,CRN1002,22,George Stevens,101 x 94 - 18,4,22,4,
263,2020-08-26 15:02,2020,8,26,15:02,Pre-Season,CR,N,1002,CRN1002,23,George Stevens,101 x 94 - 18,1,6,7,
264,2020-08-26 15:02,2020,8,26,15:02,Pre-Season,CR,N,1002,CRN1002,24,George Stevens,101 x 94 - 18,3,5,8,
265,2020-08-26 15:03,2020,8,26,15:03,Pre-Season,CR,N,1002,CRN1002,25,George Stevens,101 x 94 - 18,3,2,0,
266,2020-08-26 15:04,2020,8,26,15:04,Pre-Season,CR,N,1002,CRN1002,26,George Stevens,101 x 94 - 18,10,8,6,
267,2020-08-26 15:05,2020,8,26,15:05,Pre-Season,CR,N,1002,CRN1002,27,George Stevens,101 x 94 - 18,6,12,6,
268,2020-08-26 15:06,2020,8,26,15:06,Pre-Season,CR,N,1002,CRN1002,28,George Stevens,101 x 94 - 18,6,18,4,
269,2020-08-26 15:08,2020,8,26,15:08,Pre-Season,CR,N,1002,CRN1002,29,George Stevens,101 x 94 - 18,2,8,2,
270,2020-08-26 15:08,2020,8,26,15:08,Pre-Season,CR,N,1002,CRN1002,30,George Stevens,101 x 94 - 18,3,6,2,
271,2020-08-26 15:30,2020,8,26,15:30,Pre-Season,CR,O,1001,CRO1001,1,George Stevens,101 x 94 - 18,7,14,4,
272,2020-08-26 15:30,2020,8,26,15:30,Pre-Season,CR,O,1001,CRO1001,2,George Stevens,101 x 94 - 18,22,54,6,
273,2020-08-26 15:32,2020,8,26,15:32,Pre-Season,CR,O,1001,CRO1001,3,George Stevens,101 x 94 - 18,6,10,1,
274,2020-08-26 15:33,2020,8,26,15:33,Pre-Season,CR,O,1001,CRO1001,4,George Stevens,101 x 94 - 18,8,16,1,
275,2020-08-26 15:33,2020,8,26,15:33,Pre-Season,CR,O,1001,CRO1001,5,George Stevens,101 x 94 - 18,8,36,2,
276,2020-08-26 15:34,2020,8,26,15:34,Pre-Season,CR,O,1001,CRO1001,6,George Stevens,101 x 94 - 18,3,12,0,
277,2020-08-26 15:35,2020,8,26,15:35,Pre-Season,CR,O,1001,CRO1001,7,George Stevens,101 x 94 - 18,28,11,1,
278,2020-08-26 15:36,2020,8,26,15:36,Pre-Season,CR,O,1001,CRO1001,8,George Stevens,101 x 94 - 18,16,18,4,
279,2020-08-26 15:37,2020,8,26,15:37,Pre-Season,CR,O,1001,CRO1001,9,George Stevens,101 x 94 - 18,42,8,0,
280,2020-08-26 15:38,2020,8,26,15:38,Pre-Season,CR,O,1001,CRO1001,10,George Stevens,101 x 94 - 18,14,5,0,
281,2020-08-26 15:39,2020,8,26,15:39,Pre-Season,CR,O,1001,CRO1001,11,George Stevens,101 x 94 - 18,12,31,2,
282,2020-08-26 15:40,2020,8,26,15:40,Pre-Season,CR,O,1001,CRO1001,12,George Stevens,101 x 94 - 18,3,14,0,
283,2020-08-26 15:41,2020,8,26,15:41,Pre-Season,CR,O,1001,CRO1001,13,George Stevens,101 x 94 - 18,24,31,2,
284,2020-08-26 15:55,2020,8,26,15:55,Pre-Season,CR,O,1002,CRO1002,14,George Stevens,101 x 94 - 18,2,0,2,
285,2020-08-26 15:57,2020,8,26,15:57,Pre-Season,CR,O,1002,CRO1002,15,George Stevens,101 x 94 - 18,2,4,3,
286,2020-08-26 15:57,2020,8,26,15:57,Pre-Season,CR,O,1002,CRO1002,16,George Stevens,101 x 94 - 18,2,6,0,
287,2020-08-26 15:58,2020,8,26,15:58,Pre-Season,CR,O,1002,CRO1002,17,George Stevens,101 x 94 - 18,2,20,3,
288,2020-08-26 15:59,2020,8,26,15:59,Pre-Season,CR,O,1002,CRO1002,18,George Stevens,101 x 94 - 18,1,21,1,
289,2020-08-26 15:59,2020,8,26,15:59,Pre-Season,CR,O,1002,CRO1002,19,George Stevens,101 x 94 - 18,1,12,2,
290,2020-08-26 16:01,2020,8,26,16:01,Pre-Season,CR,O,1002,CRO1002,20,George Stevens,101 x 94 - 18,8,16,1,
291,2020-08-26 16:01,2020,8,26,16:01,Pre-Season,CR,O,1002,CRO1002,21,George Stevens,101 x 94 - 18,3,14,1,
292,2020-08-26 16:02,2020,8,26,16:02,Pre-Season,CR,O,1002,CRO1002,22,George Stevens,101 x 94 - 18,8,6,3,
293,2020-08-26 16:03,2020,8,26,16:03,Pre-Season,CR,O,1002,CRO1002,23,George Stevens,101 x 94 - 18,6,21,2,
294,2020-08-26 16:03,2020,8,26,16:03,Pre-Season,CR,O,1002,CRO1002,24,George Stevens,101 x 94 - 18,4,16,1,
295,2020-08-26 16:04,2020,8,26,16:04,Pre-Season,CR,O,1002,CRO1002,25,George Stevens,101 x 94 - 18,8,22,5,
296,2020-08-26 16:05,2020,8,26,16:05,Pre-Season,CR,O,1002,CRO1002,26,George Stevens,101 x 94 - 18,1,4,1,
297,2020-08-26 16:06,2020,8,26,16:06,Pre-Season,CR,O,1002,CRO1002,27,George Stevens,101 x 94 - 18,1,12,5,
298,2020-08-26 16:06,2020,8,26,16:06,Pre-Season,CR,O,1002,CRO1002,28,George Stevens,101 x 94 - 18,0,6,6,
299,2020-08-26 16:08,2020,8,26,16:08,Pre-Season,CR,O,1002,CRO1002,29,George Stevens,101 x 94 - 18,0,4,1,
300,2020-08-26 16:08,2020,8,26,16:08,Pre-Season,CR,O,1002,CRO1002,30,George Stevens,101 x 94 - 18,0,5,0,
301,2020-08-26 14:16,2020,8,26,14:16,Pre-Season,CR,N,1003,CRN1003,1,Jordan Adams,104 x 85 -18,1,5,12,
302,2020-08-26 14:22,2020,8,26,14:22,Pre-Season,CR,N,1003,CRN1003,2,Jordan Adams,104 x 85 -18,4,3,8,
303,2020-08-26 14:25,2020,8,26,14:25,Pre-Season,CR,N,1003,CRN1003,3,Jordan Adams,104 x 85 -18,6,1,6,
304,2020-08-26 14:26,2020,8,26,14:26,Pre-Season,CR,N,1003,CRN1003,4,Jordan Adams,104 x 85 -18,8,3,1,
305,2020-08-26 14:29,2020,8,26,14:29,Pre-Season,CR,N,1003,CRN1003,5,Jordan Adams,104 x 85 -18,14,9,5,
306,2020-08-26 14:29,2020,8,26,14:29,Pre-Season,CR,N,1003,CRN1003,6,Jordan Adams,104 x 85 -18,14,9,9,
307,2020-08-26 14:31,2020,8,26,14:31,Pre-Season,CR,N,1003,CRN1003,7,Jordan Adams,104 x 85 -18,27,17,12,
308,2020-08-26 14:33,2020,8,26,14:33,Pre-Season,CR,N,1003,CRN1003,8,Jordan Adams,104 x 85 -18,26,3,12,
309,2020-08-26 14:34,2020,8,26,14:34,Pre-Season,CR,N,1003,CRN1003,9,Jordan Adams,104 x 85 -18,23,11,4,
310,2020-08-26 14:36,2020,8,26,14:36,Pre-Season,CR,N,1003,CRN1003,10,Jordan Adams,104 x 85 -18,15,4,4,
311,2020-08-26 14:37,2020,8,26,14:37,Pre-Season,CR,N,1003,CRN1003,11,Jordan Adams,104 x 85 -18,14,3,2,
312,2020-08-26 14:40,2020,8,26,14:40,Pre-Season,CR,N,1003,CRN1003,12,Jordan Adams,104 x 85 -18,6,4,4,
313,2020-08-26 14:42,2020,8,26,14:42,Pre-Season,CR,N,1003,CRN1003,13,Jordan Adams,104 x 85 -18,4,2,3,
314,2020-08-26 14:46,2020,8,26,14:46,Pre-Season,CR,N,1003,CRN1003,14,Jordan Adams,104 x 85 -18,7,3,2,
315,2020-08-26 14:47,2020,8,26,14:47,Pre-Season,CR,N,1003,CRN1003,15,Jordan Adams,104 x 85 -18,11,2,3,
316,2020-08-26 14:49,2020,8,26,14:49,Pre-Season,CR,N,1003,CRN1003,16,Jordan Adams,104 x 85 -18,4,7,9,
317,2020-08-26 14:50,2020,8,26,14:50,Pre-Season,CR,N,1003,CRN1003,17,Jordan Adams,104 x 85 -18,4,1,2,
318,2020-08-26 14:55,2020,8,26,14:55,Pre-Season,CR,N,1003,CRN1003,18,Jordan Adams,104 x 85 -18,6,9,2,
319,2020-08-26 14:55,2020,8,26,14:55,Pre-Season,CR,N,1003,CRN1003,19,Jordan Adams,104 x 85 -18,10,7,4,
320,2020-08-26 14:57,2020,8,26,14:57,Pre-Season,CR,N,1003,CRN1003,20,Jordan Adams,104 x 85 -18,30,8,6,
321,2020-08-26 14:58,2020,8,26,14:58,Pre-Season,CR,N,1003,CRN1003,21,Jordan Adams,104 x 85 -18,12,5,2,
322,2020-08-26 15:01,2020,8,26,15:01,Pre-Season,CR,N,1003,CRN1003,22,Jordan Adams,104 x 85 -18,16,3,3,
323,2020-08-26 15:02,2020,8,26,15:02,Pre-Season,CR,N,1003,CRN1003,23,Jordan Adams,104 x 85 -18,19,10,13,
324,2020-08-26 15:04,2020,8,26,15:04,Pre-Season,CR,N,1003,CRN1003,24,Jordan Adams,104 x 85 -18,8,12,0,
325,2020-08-26 15:05,2020,8,26,15:05,Pre-Season,CR,N,1003,CRN1003,25,Jordan Adams,104 x 85 -18,1,6,3,
326,2020-08-26 15:08,2020,8,26,15:08,Pre-Season,CR,N,1003,CRN1003,26,Jordan Adams,104 x 85 -18,24,2,2,
327,2020-08-26 15:08,2020,8,26,15:08,Pre-Season,CR,N,1003,CRN1003,27,Jordan Adams,104 x 85 -18,27,17,6,
328,2020-08-26 15:12,2020,8,26,15:12,Pre-Season,CR,N,1003,CRN1003,28,Jordan Adams,104 x 85 -18,17,5,2,
329,2020-08-26 15:15,2020,8,26,15:15,Pre-Season,CR,N,1003,CRN1003,29,Jordan Adams,104 x 85 -18,27,9,11,
330,2020-08-26 15:17,2020,8,26,15:17,Pre-Season,CR,N,1003,CRN1003,30,Jordan Adams,104 x 85 -18,33,7,4,
331,2020-08-26 15:23,2020,8,26,15:23,Pre-Season,CR,O,1003,CRO1003,1,Jordan Adams,104 x 85 -18,9,1,0,
332,2020-08-26 15:26,2020,8,26,15:26,Pre-Season,CR,O,1003,CRO1003,2,Jordan Adams,104 x 85 -18,14,7,3,
333,2020-08-26 15:30,2020,8,26,15:30,Pre-Season,CR,O,1003,CRO1003,3,Jordan Adams,104 x 85 -18,17,0,0,
334,2020-08-26 15:30,2020,8,26,15:30,Pre-Season,CR,O,1003,CRO1003,4,Jordan Adams,104 x 85 -18,24,10,8,
335,2020-08-26 15:32,2020,8,26,15:32,Pre-Season,CR,O,1003,CRO1003,5,Jordan Adams,104 x 85 -18,3,4,1,
336,2020-08-26 15:33,2020,8,26,15:33,Pre-Season,CR,O,1003,CRO1003,6,Jordan Adams,104 x 85 -18,27,11,11,
337,2020-08-26 15:35,2020,8,26,15:35,Pre-Season,CR,O,1003,CRO1003,7,Jordan Adams,104 x 85 -18,4,0,1,
338,2020-08-26 15:35,2020,8,26,15:35,Pre-Season,CR,O,1003,CRO1003,8,Jordan Adams,104 x 85 -18,26,7,3,
339,2020-08-26 15:37,2020,8,26,15:37,Pre-Season,CR,O,1003,CRO1003,9,Jordan Adams,104 x 85 -18,14,4,8,
340,2020-08-26 15:37,2020,8,26,15:37,Pre-Season,CR,O,1003,CRO1003,10,Jordan Adams,104 x 85 -18,13,6,4,
341,2020-08-26 15:40,2020,8,26,15:40,Pre-Season,CR,O,1003,CRO1003,11,Jordan Adams,104 x 85 -18,14,7,7,
342,2020-08-26 15:40,2020,8,26,15:40,Pre-Season,CR,O,1003,CRO1003,12,Jordan Adams,104 x 85 -18,9,10,4,
343,2020-08-26 15:44,2020,8,26,15:44,Pre-Season,CR,O,1003,CRO1003,13,Jordan Adams,104 x 85 -18,7,11,4,
344,2020-08-26 15:45,2020,8,26,15:45,Pre-Season,CR,O,1003,CRO1003,14,Jordan Adams,104 x 85 -18,19,0,0,
345,2020-08-26 15:50,2020,8,26,15:50,Pre-Season,CR,O,1003,CRO1003,15,Jordan Adams,104 x 85 -18,3,1,2,
346,2020-08-26 15:50,2020,8,26,15:50,Pre-Season,CR,O,1003,CRO1003,16,Jordan Adams,104 x 85 -18,1,3,3,
347,2020-08-26 15:53,2020,8,26,15:53,Pre-Season,CR,O,1003,CRO1003,17,Jordan Adams,104 x 85 -18,0,0,0,
348,2020-08-26 15:53,2020,8,26,15:53,Pre-Season,CR,O,1003,CRO1003,18,Jordan Adams,104 x 85 -18,25,6,5,
349,2020-08-26 15:53,2020,8,26,15:53,Pre-Season,CR,O,1003,CRO1003,19,Jordan Adams,104 x 85 -18,16,6,6,
350,2020-08-26 15:54,2020,8,26,15:54,Pre-Season,CR,O,1003,CRO1003,20,Jordan Adams,104 x 85 -18,19,7,6,
351,2020-08-26 15:55,2020,8,26,15:55,Pre-Season,CR,O,1003,CRO1003,21,Jordan Adams,104 x 85 -18,37,24,10,
352,2020-08-26 15:57,2020,8,26,15:57,Pre-Season,CR,O,1003,CRO1003,22,Jordan Adams,104 x 85 -18,24,14,6,
353,2020-08-26 15:57,2020,8,26,15:57,Pre-Season,CR,O,1003,CRO1003,23,Jordan Adams,104 x 85 -18,6,9,18,
354,2020-08-26 16:00,2020,8,26,16:00,Pre-Season,CR,O,1003,CRO1003,24,Jordan Adams,104 x 85 -18,17,9,0,
355,2020-08-26 16:00,2020,8,26,16:00,Pre-Season,CR,O,1003,CRO1003,25,Jordan Adams,104 x 85 -18,5,5,5,
356,2020-08-26 16:02,2020,8,26,16:02,Pre-Season,CR,O,1003,CRO1003,26,Jordan Adams,104 x 85 -18,5,7,9,
357,2020-08-26 16:04,2020,8,26,16:04,Pre-Season,CR,O,1003,CRO1003,27,Jordan Adams,104 x 85 -18,7,9,7,
358,2020-08-26 16:05,2020,8,26,16:05,Pre-Season,CR,O,1003,CRO1003,28,Jordan Adams,104 x 85 -18,17,4,4,
359,2020-08-26 16:09,2020,8,26,16:09,Pre-Season,CR,O,1003,CRO1003,29,Jordan Adams,104 x 85 -18,9,4,2,
360,2020-08-26 16:09,2020,8,26,16:09,Pre-Season,CR,O,1003,CRO1003,30,Jordan Adams,104 x 85 -18,29,2,2,
361,2020-08-26 14:49,2020,8,26,14:49,Pre-Season,CR,N,1001,CRN1001,1,Jeanine Beckman,73 x 73 - 12,5,4,8,
362,2020-08-26 14:53,2020,8,26,14:53,Pre-Season,CR,N,1001,CRN1001,2,Jeanine Beckman,73 x 73 - 12,48,52,10,
363,2020-08-26 15:07,2020,8,26,15:07,Pre-Season,CR,N,1001,CRN1001,3,Jeanine Beckman,73 x 73 - 12,60,30,7,
364,2020-08-26 15:17,2020,8,26,15:17,Pre-Season,CR,N,1001,CRN1001,4,Jeanine Beckman,73 x 73 - 12,19,13,2,
365,2020-08-26 15:21,2020,8,26,15:21,Pre-Season,CR,N,1001,CRN1001,5,Jeanine Beckman,73 x 73 - 12,5,7,5,
366,2020-08-26 15:25,2020,8,26,15:25,Pre-Season,CR,N,1001,CRN1001,6,Jeanine Beckman,73 x 73 - 12,12,11,4,
367,2020-08-26 15:28,2020,8,26,15:28,Pre-Season,CR,N,1001,CRN1001,7,Jeanine Beckman,73 x 73 - 12,36,20,4,
368,2020-08-26 15:33,2020,8,26,15:33,Pre-Season,CR,N,1001,CRN1001,8,Jeanine Beckman,73 x 73 - 12,20,27,12,
369,2020-08-26 15:39,2020,8,26,15:39,Pre-Season,CR,N,1001,CRN1001,9,Jeanine Beckman,73 x 73 - 12,0,1,3,
370,2020-08-26 15:41,2020,8,26,15:41,Pre-Season,CR,N,1001,CRN1001,10,Jeanine Beckman,73 x 73 - 12,20,13,6,
371,2020-08-26 15:45,2020,8,26,15:45,Pre-Season,CR,N,1001,CRN1001,11,Jeanine Beckman,73 x 73 - 12,9,13,4,
372,2020-08-26 15:47,2020,8,26,15:47,Pre-Season,CR,N,1001,CRN1001,12,Jeanine Beckman,73 x 73 - 12,10,11,8,
373,2020-08-26 15:51,2020,8,26,15:51,Pre-Season,CR,N,1001,CRN1001,13,Jeanine Beckman,73 x 73 - 12,11,13,6,
374,2020-08-26 15:54,2020,8,26,15:54,Pre-Season,CR,N,1001,CRN1001,14,Jeanine Beckman,73 x 73 - 12,6,5,2,
375,2020-08-26 15:56,2020,8,26,15:56,Pre-Season,CR,N,1001,CRN1001,15,Jeanine Beckman,73 x 73 - 12,33,22,8,
376,2020-08-26 16:00,2020,8,26,16:00,Pre-Season,CR,N,1001,CRN1001,16,Jeanine Beckman,73 x 73 - 12,107,15,11,
377,2020-08-26 16:07,2020,8,26,16:07,Pre-Season,CR,N,1001,CRN1001,17,Jeanine Beckman,73 x 73 - 12,67,27,10,
378,2020-08-26 16:12,2020,8,26,16:12,Pre-Season,CR,N,1001,CRN1001,18,Jeanine Beckman,73 x 73 - 12,84,41,13,
379,2020-08-26 16:17,2020,8,26,16:17,Pre-Season,CR,N,1001,CRN1001,19,Jeanine Beckman,73 x 73 - 12,52,16,4,
380,2020-08-26 16:19,2020,8,26,16:19,Pre-Season,CR,N,1001,CRN1001,20,Jeanine Beckman,73 x 73 - 12,30,25,13,
381,2020-08-26 16:24,2020,8,26,16:24,Pre-Season,CR,N,1001,CRN1001,21,Jeanine Beckman,73 x 73 - 12,81,33,10,
382,2020-08-26 16:29,2020,8,26,16:29,Pre-Season,CR,N,1001,CRN1001,22,Jeanine Beckman,73 x 73 - 12,42,19,4,
383,2020-08-26 16:32,2020,8,26,16:32,Pre-Season,CR,N,1001,CRN1001,23,Jeanine Beckman,73 x 73 - 12,67,27,9,
384,2020-08-26 16:36,2020,8,26,16:36,Pre-Season,CR,N,1001,CRN1001,24,Jeanine Beckman,73 x 73 - 12,50,16,11,
385,2020-08-26 16:39,2020,8,26,16:39,Pre-Season,CR,N,1001,CRN1001,25,Jeanine Beckman,73 x 73 - 12,61,23,9,
386,2020-08-26 16:43,2020,8,26,16:43,Pre-Season,CR,N,1001,CRN1001,26,Jeanine Beckman,73 x 73 - 12,23,6,3,
387,2020-08-26 16:45,2020,8,26,16:45,Pre-Season,CR,N,1001,CRN1001,27,Jeanine Beckman,73 x 73 - 12,51,19,11,
388,2020-08-26 16:48,2020,8,26,16:48,Pre-Season,CR,N,1001,CRN1001,28,Jeanine Beckman,73 x 73 - 12,52,21,13,
389,2020-08-26 16:52,2020,8,26,16:52,Pre-Season,CR,N,1001,CRN1001,29,Jeanine Beckman,73 x 73 - 12,18,13,2,
390,2020-08-26 16:56,2020,8,26,16:56,Pre-Season,CR,N,1001,CRN1001,30,Jeanine Beckman,73 x 73 - 12,27,9,4,
391,2020-08-26 17:04,2020,8,26,17:04,Pre-Season,CR,N,1004,CRN1004,1,Jeanine Beckman,73 x 73 - 12,19,19,0,
392,2020-08-26 17:04,2020,8,26,17:04,Pre-Season,CR,N,1004,CRN1004,2,Jeanine Beckman,73 x 73 - 12,24,16,0,
393,2020-08-26 17:05,2020,8,26,17:05,Pre-Season,CR,N,1004,CRN1004,3,Jeanine Beckman,73 x 73 - 12,26,28,2,
394,2020-08-26 17:09,2020,8,26,17:09,Pre-Season,CR,N,1004,CRN1004,4,Jeanine Beckman,73 x 73 - 12,36,14,1,
395,2020-08-26 17:09,2020,8,26,17:09,Pre-Season,CR,N,1004,CRN1004,5,Jeanine Beckman,73 x 73 - 12,15,7,1,
396,2020-08-26 17:10,2020,8,26,17:10,Pre-Season,CR,N,1004,CRN1004,6,Jeanine Beckman,73 x 73 - 12,6,9,1,
397,2020-08-26 17:12,2020,8,26,17:12,Pre-Season,CR,N,1004,CRN1004,7,Jeanine Beckman,73 x 73 - 12,42,29,0,
398,2020-08-26 17:14,2020,8,26,17:14,Pre-Season,CR,N,1004,CRN1004,8,Jeanine Beckman,73 x 73 - 12,31,15,1,
399,2020-08-26 17:14,2020,8,26,17:14,Pre-Season,CR,N,1004,CRN1004,9,Jeanine Beckman,73 x 73 - 12,8,12,0,
400,2020-08-26 17:15,2020,8,26,17:15,Pre-Season,CR,N,1004,CRN1004,10,Jeanine Beckman,73 x 73 - 12,24,13,3,
401,2020-08-26 17:16,2020,8,26,17:16,Pre-Season,CR,N,1004,CRN1004,11,Jeanine Beckman,73 x 73 - 12,8,3,1,
402,2020-08-26 17:17,2020,8,26,17:17,Pre-Season,CR,N,1004,CRN1004,12,Jeanine Beckman,73 x 73 - 12,23,19,4,
403,2020-08-26 17:19,2020,8,26,17:19,Pre-Season,CR,N,1004,CRN1004,13,Jeanine Beckman,73 x 73 - 12,4,13,2,
404,2020-08-26 17:19,2020,8,26,17:19,Pre-Season,CR,N,1004,CRN1004,14,Jeanine Beckman,73 x 73 - 12,11,8,1,
405,2020-08-26 17:20,2020,8,26,17:20,Pre-Season,CR,N,1004,CRN1004,15,Jeanine Beckman,73 x 73 - 12,6,7,0,
406,2020-08-26 17:21,2020,8,26,17:21,Pre-Season,CR,N,1004,CRN1004,16,Jeanine Beckman,73 x 73 - 12,2,9,3,
407,2020-08-26 17:25,2020,8,26,17:25,Pre-Season,CR,N,1005,CRN1005,17,Jeanine Beckman,73 x 73 - 12,7,4,2,
408,2020-08-26 17:27,2020,8,26,17:27,Pre-Season,CR,N,1005,CRN1005,18,Jeanine Beckman,73 x 73 - 12,4,3,0,
409,2020-08-26 17:28,2020,8,26,17:28,Pre-Season,CR,N,1005,CRN1005,19,Jeanine Beckman,73 x 73 - 12,17,23,1,
410,2020-08-26 17:30,2020,8,26,17:30,Pre-Season,CR,N,1005,CRN1005,20,Jeanine Beckman,73 x 73 - 12,4,12,0,
411,2020-08-26 17:30,2020,8,26,17:30,Pre-Season,CR,N,1005,CRN1005,21,Jeanine Beckman,73 x 73 - 12,82,19,0,
412,2020-08-26 17:31,2020,8,26,17:31,Pre-Season,CR,N,1005,CRN1005,22,Jeanine Beckman,73 x 73 - 12,7,15,1,
413,2020-08-26 17:32,2020,8,26,17:32,Pre-Season,CR,N,1005,CRN1005,23,Jeanine Beckman,73 x 73 - 12,11,24,1,
414,2020-08-26 17:32,2020,8,26,17:32,Pre-Season,CR,N,1005,CRN1005,24,Jeanine Beckman,73 x 73 - 12,41,18,2,
415,2020-08-26 17:33,2020,8,26,17:33,Pre-Season,CR,N,1005,CRN1005,25,Jeanine Beckman,73 x 73 - 12,18,24,3,
416,2020-08-26 17:34,2020,8,26,17:34,Pre-Season,CR,N,1005,CRN1005,26,Jeanine Beckman,73 x 73 - 12,14,24,3,
417,2020-08-26 17:34,2020,8,26,17:34,Pre-Season,CR,N,1005,CRN1005,27,Jeanine Beckman,73 x 73 - 12,14,11,2,
418,2020-08-26 17:35,2020,8,26,17:35,Pre-Season,CR,N,1005,CRN1005,28,Jeanine Beckman,73 x 73 - 12,13,19,0,
419,2020-08-26 17:38,2020,8,26,17:38,Pre-Season,CR,N,1005,CRN1005,29,Jeanine Beckman,73 x 73 - 12,2,4,1,
420,2020-08-26 17:39,2020,8,26,17:39,Pre-Season,CR,N,1005,CRN1005,30,Jeanine Beckman,73 x 73 - 12,19,4,0,
421,2020-08-26 14:24,2020,8,26,14:24,Pre-Season,CR,N,1006,CRN1006,1,Jerald Beckham,80 x 84 -14,3,8,1,
422,2020-08-26 14:26,2020,8,26,14:26,Pre-Season,CR,N,1006,CRN1006,2,Jerald Beckham,80 x 84 -14,0,3,2,
423,2020-08-26 14:27,2020,8,26,14:27,Pre-Season,CR,N,1006,CRN1006,3,Jerald Beckham,80 x 84 -14,0,7,1,
424,2020-08-26 14:28,2020,8,26,14:28,Pre-Season,CR,N,1006,CRN1006,4,Jerald Beckham,80 x 84 -14,1,8,6,
425,2020-08-26 14:30,2020,8,26,14:30,Pre-Season,CR,N,1006,CRN1006,5,Jerald Beckham,80 x 84 -14,6,3,5,
426,2020-08-26 14:32,2020,8,26,14:32,Pre-Season,CR,N,1006,CRN1006,6,Jerald Beckham,80 x 84 -14,1,2,2,
427,2020-08-26 14:33,2020,8,26,14:33,Pre-Season,CR,N,1006,CRN1006,7,Jerald Beckham,80 x 84 -14,1,1,3,
428,2020-08-26 14:34,2020,8,26,14:34,Pre-Season,CR,N,1006,CRN1006,8,Jerald Beckham,80 x 84 -14,3,10,1,
429,2020-08-26 14:34,2020,8,26,14:34,Pre-Season,CR,N,1006,CRN1006,9,Jerald Beckham,80 x 84 -14,3,2,3,
430,2020-08-26 14:35,2020,8,26,14:35,Pre-Season,CR,N,1006,CRN1006,10,Jerald Beckham,80 x 84 -14,11,14,3,
431,2020-08-26 14:37,2020,8,26,14:37,Pre-Season,CR,N,1006,CRN1006,11,Jerald Beckham,80 x 84 -14,2,7,3,
432,2020-08-26 14:39,2020,8,26,14:39,Pre-Season,CR,N,1006,CRN1006,12,Jerald Beckham,80 x 84 -14,4,2,3,
433,2020-08-26 14:41,2020,8,26,14:41,Pre-Season,CR,N,1006,CRN1006,13,Jerald Beckham,80 x 84 -14,3,5,2,
434,2020-08-26 14:43,2020,8,26,14:43,Pre-Season,CR,N,1006,CRN1006,14,Jerald Beckham,80 x 84 -14,0,3,2,
435,2020-08-26 14:45,2020,8,26,14:45,Pre-Season,CR,N,1006,CRN1006,15,Jerald Beckham,80 x 84 -14,3,4,4,
436,2020-08-26 14:46,2020,8,26,14:46,Pre-Season,CR,N,1006,CRN1006,16,Jerald Beckham,80 x 84 -14,0,5,5,
437,2020-08-26 14:47,2020,8,26,14:47,Pre-Season,CR,N,1006,CRN1006,17,Jerald Beckham,80 x 84 -14,2,11,3,
438,2020-08-26 14:48,2020,8,26,14:48,Pre-Season,CR,N,1006,CRN1006,18,Jerald Beckham,80 x 84 -14,5,9,4,
439,2020-08-26 14:50,2020,8,26,14:50,Pre-Season,CR,N,1006,CRN1006,19,Jerald Beckham,80 x 84 -14,1,3,1,
440,2020-08-26 14:51,2020,8,26,14:51,Pre-Season,CR,N,1006,CRN1006,20,Jerald Beckham,80 x 84 -14,8,10,7,
441,2020-08-26 14:52,2020,8,26,14:52,Pre-Season,CR,N,1006,CRN1006,21,Jerald Beckham,80 x 84 -14,4,5,3,
442,2020-08-26 14:53,2020,8,26,14:53,Pre-Season,CR,N,1006,CRN1006,22,Jerald Beckham,80 x 84 -14,2,6,1,
443,2020-08-26 14:54,2020,8,26,14:54,Pre-Season,CR,N,1006,CRN1006,23,Jerald Beckham,80 x 84 -14,1,6,4,
444,2020-08-26 14:55,2020,8,26,14:55,Pre-Season,CR,N,1006,CRN1006,24,Jerald Beckham,80 x 84 -14,3,4,5,
445,2020-08-26 14:56,2020,8,26,14:56,Pre-Season,CR,N,1006,CRN1006,25,Jerald Beckham,80 x 84 -14,3,5,6,
446,2020-08-26 14:57,2020,8,26,14:57,Pre-Season,CR,N,1006,CRN1006,26,Jerald Beckham,80 x 84 -14,1,8,6,
447,2020-08-26 14:59,2020,8,26,14:59,Pre-Season,CR,N,1006,CRN1006,27,Jerald Beckham,80 x 84 -14,0,6,2,
448,2020-08-26 14:59,2020,8,26,14:59,Pre-Season,CR,N,1006,CRN1006,28,Jerald Beckham,80 x 84 -14,2,4,3,
449,2020-08-26 15:00,2020,8,26,15:00,Pre-Season,CR,N,1006,CRN1006,29,Jerald Beckham,80 x 84 -14,0,4,1,
450,2020-08-26 15:02,2020,8,26,15:02,Pre-Season,CR,N,1006,CRN1006,30,Jerald Beckham,80 x 84 -14,1,3,5,
451,2020-08-26 15:24,2020,8,26,15:24,Pre-Season,CR,O,1004,CRO1004,1,Jerald Beckham,80 x 84 -14,4,11,5,
452,2020-08-26 15:26,2020,8,26,15:26,Pre-Season,CR,O,1004,CRO1004,2,Jerald Beckham,80 x 84 -14,1,5,1,
453,2020-08-26 15:26,2020,8,26,15:26,Pre-Season,CR,O,1004,CRO1004,3,Jerald Beckham,80 x 84 -14,6,4,1,
454,2020-08-26 15:27,2020,8,26,15:27,Pre-Season,CR,O,1004,CRO1004,4,Jerald Beckham,80 x 84 -14,1,2,1,
455,2020-08-26 15:28,2020,8,26,15:28,Pre-Season,CR,O,1004,CRO1004,5,Jerald Beckham,80 x 84 -14,5,8,5,
456,2020-08-26 15:29,2020,8,26,15:29,Pre-Season,CR,O,1004,CRO1004,6,Jerald Beckham,80 x 84 -14,5,6,0,
457,2020-08-26 15:30,2020,8,26,15:30,Pre-Season,CR,O,1004,CRO1004,7,Jerald Beckham,80 x 84 -14,3,8,1,
458,2020-08-26 15:31,2020,8,26,15:31,Pre-Season,CR,O,1004,CRO1004,8,Jerald Beckham,80 x 84 -14,5,3,2,
459,2020-08-26 15:34,2020,8,26,15:34,Pre-Season,CR,O,1004,CRO1004,9,Jerald Beckham,80 x 84 -14,2,2,4,
460,2020-08-26 15:35,2020,8,26,15:35,Pre-Season,CR,O,1004,CRO1004,10,Jerald Beckham,80 x 84 -14,11,5,0,
461,2020-08-26 15:37,2020,8,26,15:37,Pre-Season,CR,O,1004,CRO1004,11,Jerald Beckham,80 x 84 -14,6,3,2,
462,2020-08-26 15:37,2020,8,26,15:37,Pre-Season,CR,O,1004,CRO1004,12,Jerald Beckham,80 x 84 -14,2,2,2,
463,2020-08-26 15:38,2020,8,26,15:38,Pre-Season,CR,O,1004,CRO1004,13,Jerald Beckham,80 x 84 -14,6,8,2,
464,2020-08-26 15:39,2020,8,26,15:39,Pre-Season,CR,O,1004,CRO1004,14,Jerald Beckham,80 x 84 -14,3,4,4,
465,2020-08-26 15:40,2020,8,26,15:40,Pre-Season,CR,O,1004,CRO1004,15,Jerald Beckham,80 x 84 -14,6,11,3,
466,2020-08-26 15:41,2020,8,26,15:41,Pre-Season,CR,O,1004,CRO1004,16,Jerald Beckham,80 x 84 -14,4,2,1,
467,2020-08-26 15:42,2020,8,26,15:42,Pre-Season,CR,O,1004,CRO1004,17,Jerald Beckham,80 x 84 -14,5,3,1,
468,2020-08-26 15:43,2020,8,26,15:43,Pre-Season,CR,O,1004,CRO1004,18,Jerald Beckham,80 x 84 -14,5,6,2,
469,2020-08-26 15:44,2020,8,26,15:44,Pre-Season,CR,O,1004,CRO1004,19,Jerald Beckham,80 x 84 -14,7,10,2,
470,2020-08-26 15:45,2020,8,26,15:45,Pre-Season,CR,O,1004,CRO1004,20,Jerald Beckham,80 x 84 -14,11,4,1,
471,2020-08-26 15:46,2020,8,26,15:46,Pre-Season,CR,O,1004,CRO1004,21,Jerald Beckham,80 x 84 -14,13,4,1,
472,2020-08-26 15:48,2020,8,26,15:48,Pre-Season,CR,O,1004,CRO1004,22,Jerald Beckham,80 x 84 -14,8,1,0,
473,2020-08-26 15:48,2020,8,26,15:48,Pre-Season,CR,O,1004,CRO1004,23,Jerald Beckham,80 x 84 -14,10,6,1,
474,2020-08-26 15:50,2020,8,26,15:50,Pre-Season,CR,O,1004,CRO1004,24,Jerald Beckham,80 x 84 -14,10,3,2,
475,2020-08-26 15:51,2020,8,26,15:51,Pre-Season,CR,O,1004,CRO1004,25,Jerald Beckham,80 x 84 -14,5,4,4,
476,2020-08-26 15:52,2020,8,26,15:52,Pre-Season,CR,O,1004,CRO1004,26,Jerald Beckham,80 x 84 -14,9,6,3,
477,2020-08-26 15:55,2020,8,26,15:55,Pre-Season,CR,O,1004,CRO1004,27,Jerald Beckham,80 x 84 -14,5,7,3,
478,2020-08-26 15:56,2020,8,26,15:56,Pre-Season,CR,O,1004,CRO1004,28,Jerald Beckham,80 x 84 -14,1,7,3,
479,2020-08-26 15:57,2020,8,26,15:57,Pre-Season,CR,O,1004,CRO1004,29,Jerald Beckham,80 x 84 -14,5,4,3,
480,2020-08-26 15:58,2020,8,26,15:58,Pre-Season,CR,O,1004,CRO1004,30,Jerald Beckham,80 x 84 -14,1,6,2,
481,2021-06-09 10:11,2021,6,9,10:11,Post-Season,LC,I,1005,LCI1005,1,George Stevens,81 x 81 -16,0,0,0,
482,2021-06-09 10:11,2021,6,9,10:11,Post-Season,LC,I,1005,LCI1005,2,George Stevens,81 x 81 -16,0,0,0,
483,2021-06-09 10:11,2021,6,9,10:11,Post-Season,LC,I,1005,LCI1005,3,George Stevens,81 x 81 -16,1,3,0,
484,2021-06-09 10:11,2021,6,9,10:11,Post-Season,LC,I,1005,LCI1005,4,George Stevens,81 x 81 -16,1,7,0,
485,2021-06-09 10:11,2021,6,9,10:11,Post-Season,LC,I,1005,LCI1005,5,George Stevens,81 x 81 -16,7,8,0,
486,2021-06-09 10:11,2021,6,9,10:11,Post-Season,LC,I,1005,LCI1005,6,George Stevens,81 x 81 -16,9,9,0,
487,2021-06-09 10:11,2021,6,9,10:11,Post-Season,LC,I,1005,LCI1005,7,George Stevens,81 x 81 -16,12,10,0,
488,2021-06-09 10:11,2021,6,9,10:11,Post-Season,LC,I,1005,LCI1005,8,George Stevens,81 x 81 -16,2,5,0,
489,2021-06-09 10:11,2021,6,9,10:11,Post-Season,LC,I,1005,LCI1005,9,George Stevens,81 x 81 -16,15,6,0,
490,2021-06-09 10:11,2021,6,9,10:11,Post-Season,LC,I,1005,LCI1005,10,George Stevens,81 x 81 -16,18,33,0,
491,2021-06-09 10:11,2021,6,9,10:11,Post-Season,LC,I,1005,LCI1005,11,George Stevens,81 x 81 -16,7,3,1,
492,2021-06-09 10:11,2021,6,9,10:11,Post-Season,LC,I,1005,LCI1005,12,George Stevens,81 x 81 -16,18,2,0,
493,2021-06-09 10:11,2021,6,9,10:11,Post-Season,LC,I,1005,LCI1005,13,George Stevens,81 x 81 -16,0,0,0,
494,2021-06-09 10:11,2021,6,9,10:11,Post-Season,LC,I,1005,LCI1005,14,George Stevens,81 x 81 -16,0,0,0,
495,2021-06-09 10:11,2021,6,9,10:11,Post-Season,LC,I,1005,LCI1005,15,George Stevens,81 x 81 -16,0,0,0,
496,2021-06-10 9:47,2021,6,10,9:47,Post-Season,CR,N,1002,CRN1002,1,George Stevens,81 x 81 -16,0,0,0,
497,2021-06-10 9:47,2021,6,10,9:47,Post-Season,CR,N,1002,CRN1002,2,George Stevens,81 x 81 -16,0,0,0,
498,2021-06-10 9:47,2021,6,10,9:47,Post-Season,CR,N,1002,CRN1002,3,George Stevens,81 x 81 -16,0,0,0,
499,2021-06-10 9:47,2021,6,10,9:47,Post-Season,CR,N,1002,CRN1002,4,George Stevens,81 x 81 -16,0,0,3,
500,2021-06-10 9:47,2021,6,10,9:47,Post-Season,CR,N,1002,CRN1002,5,George Stevens,81 x 81 -16,0,49,6,
501,2021-06-10 9:47,2021,6,10,9:47,Post-Season,CR,N,1002,CRN1002,6,George Stevens,81 x 81 -16,0,1,0,
502,2021-06-10 9:47,2021,6,10,9:47,Post-Season,CR,N,1002,CRN1002,7,George Stevens,81 x 81 -16,0,5,4,
503,2021-06-10 9:47,2021,6,10,9:47,Post-Season,CR,N,1002,CRN1002,8,George Stevens,81 x 81 -16,0,22,6,
504,2021-06-10 9:47,2021,6,10,9:47,Post-Season,CR,N,1002,CRN1002,9,George Stevens,81 x 81 -16,0,13,1,
505,2021-06-10 9:47,2021,6,10,9:47,Post-Season,CR,N,1002,CRN1002,10,George Stevens,81 x 81 -16,0,0,0,
506,2021-06-10 9:47,2021,6,10,9:47,Post-Season,CR,N,1002,CRN1002,11,George Stevens,81 x 81 -16,0,11,0,
507,2021-06-10 9:47,2021,6,10,9:47,Post-Season,CR,N,1002,CRN1002,12,George Stevens,81 x 81 -16,0,10,1,
508,2021-06-10 9:47,2021,6,10,9:47,Post-Season,CR,N,1002,CRN1002,13,George Stevens,81 x 81 -16,0,9,1,
509,2021-06-10 9:47,2021,6,10,9:47,Post-Season,CR,N,1002,CRN1002,14,George Stevens,81 x 81 -16,0,17,7,
510,2021-06-10 9:47,2021,6,10,9:47,Post-Season,CR,N,1002,CRN1002,15,George Stevens,81 x 81 -16,0,0,0,
511,2021-06-10 9:47,2021,6,10,9:47,Post-Season,CR,N,1002,CRN1002,16,George Stevens,81 x 81 -16,0,38,4,
512,2021-06-10 9:47,2021,6,10,9:47,Post-Season,CR,N,1002,CRN1002,17,George Stevens,81 x 81 -16,2,15,3,
513,2021-06-10 8:07,2021,6,10,8:07,Post-Season,CR,O,1001,CRO1001,1,George Stevens,81 x 81 -16,8,8,1,
514,2021-06-10 8:07,2021,6,10,8:07,Post-Season,CR,O,1001,CRO1001,2,George Stevens,81 x 81 -16,0,5,2,
515,2021-06-10 8:07,2021,6,10,8:07,Post-Season,CR,O,1001,CRO1001,3,George Stevens,81 x 81 -16,1,6,2,
516,2021-06-10 8:07,2021,6,10,8:07,Post-Season,CR,O,1001,CRO1001,4,George Stevens,81 x 81 -16,0,12,1,
517,2021-06-10 8:07,2021,6,10,8:07,Post-Season,CR,O,1001,CRO1001,5,George Stevens,81 x 81 -16,1,6,1,
518,2021-06-10 8:07,2021,6,10,8:07,Post-Season,CR,O,1001,CRO1001,6,George Stevens,81 x 81 -16,1,3,1,
519,2021-06-10 8:07,2021,6,10,8:07,Post-Season,CR,O,1001,CRO1001,7,George Stevens,81 x 81 -16,2,4,0,
520,2021-06-10 8:07,2021,6,10,8:07,Post-Season,CR,O,1001,CRO1001,8,George Stevens,81 x 81 -16,5,6,1,
521,2021-06-10 8:07,2021,6,10,8:07,Post-Season,CR,O,1001,CRO1001,9,George Stevens,81 x 81 -16,2,19,1,
522,2021-06-10 8:07,2021,6,10,8:07,Post-Season,CR,O,1001,CRO1001,10,George Stevens,81 x 81 -16,0,4,0,
523,2021-06-10 8:07,2021,6,10,8:07,Post-Season,CR,O,1001,CRO1001,11,George Stevens,81 x 81 -16,2,2,2,
524,2021-06-10 8:07,2021,6,10,8:07,Post-Season,CR,O,1001,CRO1001,12,George Stevens,81 x 81 -16,3,16,0,
525,2021-06-10 8:07,2021,6,10,8:07,Post-Season,CR,O,1001,CRO1001,13,George Stevens,81 x 81 -16,0,0,0,
526,2021-06-10 8:07,2021,6,10,8:07,Post-Season,CR,O,1001,CRO1001,14,George Stevens,81 x 81 -16,8,19,2,
527,2021-06-10 8:07,2021,6,10,8:07,Post-Season,CR,O,1001,CRO1001,15,George Stevens,81 x 81 -16,3,12,1,
528,2021-06-10 8:07,2021,6,10,8:07,Post-Season,CR,O,1001,CRO1001,16,George Stevens,81 x 81 -16,6,14,0,
529,2021-06-10 8:07,2021,6,10,8:07,Post-Season,CR,O,1001,CRO1001,17,George Stevens,81 x 81 -16,0,8,1,
530,2021-06-10 8:07,2021,6,10,8:07,Post-Season,CR,O,1001,CRO1001,18,George Stevens,81 x 81 -16,0,4,0,
531,2021-06-10 8:07,2021,6,10,8:07,Post-Season,CR,O,1001,CRO1001,19,George Stevens,81 x 81 -16,0,0,0,
532,2021-06-10 8:07,2021,6,10,8:07,Post-Season,CR,O,1001,CRO1001,20,George Stevens,81 x 81 -16,0,0,0,
533,2021-06-10 8:07,2021,6,10,8:07,Post-Season,CR,O,1001,CRO1001,21,George Stevens,81 x 81 -16,0,0,0,
534,2021-06-10 8:07,2021,6,10,8:07,Post-Season,CR,O,1001,CRO1001,22,George Stevens,81 x 81 -16,0,0,1,
535,2021-06-10 8:07,2021,6,10,8:07,Post-Season,CR,O,1001,CRO1001,23,George Stevens,81 x 81 -16,0,1,0,
536,2021-06-10 8:07,2021,6,10,8:07,Post-Season,CR,O,1001,CRO1001,24,George Stevens,81 x 81 -16,2,9,0,
537,2021-06-10 8:07,2021,6,10,8:07,Post-Season,CR,O,1001,CRO1001,25,George Stevens,81 x 81 -16,0,5,2,
538,2021-06-10 8:07,2021,6,10,8:07,Post-Season,CR,O,1001,CRO1001,26,George Stevens,81 x 81 -16,0,5,1,
539,2021-06-10 8:07,2021,6,10,8:07,Post-Season,CR,O,1001,CRO1001,27,George Stevens,81 x 81 -16,0,0,0,
540,2021-06-09 10:38,2021,6,9,10:38,Post-Season,LC,I,1003,LCI1003,1,George Stevens,81 x 81 -16,0,0,0,
541,2021-06-09 10:38,2021,6,9,10:38,Post-Season,LC,I,1003,LCI1003,2,George Stevens,81 x 81 -16,0,6,0,
542,2021-06-09 10:38,2021,6,9,10:38,Post-Season,LC,I,1003,LCI1003,3,George Stevens,81 x 81 -16,1,1,0,
543,2021-06-09 10:38,2021,6,9,10:38,Post-Season,LC,I,1003,LCI1003,4,George Stevens,81 x 81 -16,0,0,0,
544,2021-06-09 10:38,2021,6,9,10:38,Post-Season,LC,I,1003,LCI1003,5,George Stevens,81 x 81 -16,0,0,0,
545,2021-06-09 10:38,2021,6,9,10:38,Post-Season,LC,I,1003,LCI1003,6,George Stevens,81 x 81 -16,4,7,1,
546,2021-06-09 10:38,2021,6,9,10:38,Post-Season,LC,I,1003,LCI1003,7,George Stevens,81 x 81 -16,12,11,2,
547,2021-06-09 10:38,2021,6,9,10:38,Post-Season,LC,I,1003,LCI1003,8,George Stevens,81 x 81 -16,11,7,0,
548,2021-06-09 10:38,2021,6,9,10:38,Post-Season,LC,I,1003,LCI1003,9,George Stevens,81 x 81 -16,0,0,0,
549,2021-06-09 10:38,2021,6,9,10:38,Post-Season,LC,I,1003,LCI1003,10,George Stevens,81 x 81 -16,0,0,0,
550,2021-06-09 8:27,2021,6,9,8:27,Post-Season,LC,O,1001,LCO1001,1,George Stevens,81 x 81 -16,59,98,23,
551,2021-06-09 8:27,2021,6,9,8:27,Post-Season,LC,O,1001,LCO1001,2,George Stevens,81 x 81 -16,22,29,7,
552,2021-06-09 8:27,2021,6,9,8:27,Post-Season,LC,O,1001,LCO1001,3,George Stevens,81 x 81 -16,19,19,3,
553,2021-06-09 8:27,2021,6,9,8:27,Post-Season,LC,O,1001,LCO1001,4,George Stevens,81 x 81 -16,58,23,8,
554,2021-06-09 8:27,2021,6,9,8:27,Post-Season,LC,O,1001,LCO1001,5,George Stevens,81 x 81 -16,27,13,7,
555,2021-06-09 8:27,2021,6,9,8:27,Post-Season,LC,O,1001,LCO1001,6,George Stevens,81 x 81 -16,16,8,2,
556,2021-06-09 8:27,2021,6,9,8:27,Post-Season,LC,O,1001,LCO1001,7,George Stevens,81 x 81 -16,25,9,3,
557,2021-06-09 8:27,2021,6,9,8:27,Post-Season,LC,O,1001,LCO1001,8,George Stevens,81 x 81 -16,30,19,5,
558,2021-06-09 8:27,2021,6,9,8:27,Post-Season,LC,O,1001,LCO1001,9,George Stevens,81 x 81 -16,2,5,2,
559,2021-06-09 8:27,2021,6,9,8:27,Post-Season,LC,O,1001,LCO1001,10,George Stevens,81 x 81 -16,9,3,3,
560,2021-06-09 8:27,2021,6,9,8:27,Post-Season,LC,O,1001,LCO1001,11,George Stevens,81 x 81 -16,17,16,1,
561,2021-06-09 8:27,2021,6,9,8:27,Post-Season,LC,O,1001,LCO1001,12,George Stevens,81 x 81 -16,15,7,3,
562,2021-06-09 8:27,2021,6,9,8:27,Post-Season,LC,O,1001,LCO1001,13,George Stevens,81 x 81 -16,33,12,13,
563,2021-06-09 8:27,2021,6,9,8:27,Post-Season,LC,O,1001,LCO1001,14,George Stevens,81 x 81 -16,79,21,8,
564,2021-06-09 8:27,2021,6,9,8:27,Post-Season,LC,O,1001,LCO1001,15,George Stevens,81 x 81 -16,75,37,7,
565,2021-06-09 8:27,2021,6,9,8:27,Post-Season,LC,O,1001,LCO1001,16,George Stevens,81 x 81 -16,32,10,4,
566,2021-06-09 8:27,2021,6,9,8:27,Post-Season,LC,O,1001,LCO1001,17,George Stevens,81 x 81 -16,15,4,2,
567,2021-06-09 8:27,2021,6,9,8:27,Post-Season,LC,O,1001,LCO1001,18,George Stevens,81 x 81 -16,66,22,10,
568,2021-06-09 8:27,2021,6,9,8:27,Post-Season,LC,O,1001,LCO1001,19,George Stevens,81 x 81 -16,12,12,5,
569,2021-06-09 8:27,2021,6,9,8:27,Post-Season,LC,O,1001,LCO1001,20,George Stevens,81 x 81 -16,23,12,3,
570,2021-06-09 8:27,2021,6,9,8:27,Post-Season,LC,O,1001,LCO1001,21,George Stevens,81 x 81 -16,16,4,3,
571,2021-06-09 8:27,2021,6,9,8:27,Post-Season,LC,O,1001,LCO1001,22,George Stevens,81 x 81 -16,16,7,5,
572,2021-06-09 8:27,2021,6,9,8:27,Post-Season,LC,O,1001,LCO1001,23,George Stevens,81 x 81 -16,22,7,6,
573,2021-06-09 8:27,2021,6,9,8:27,Post-Season,LC,O,1001,LCO1001,24,George Stevens,81 x 81 -16,13,6,0,
574,2021-06-09 8:27,2021,6,9,8:27,Post-Season,LC,O,1001,LCO1001,25,George Stevens,81 x 81 -16,20,8,2,
575,2021-06-09 8:27,2021,6,9,8:27,Post-Season,LC,O,1001,LCO1001,26,George Stevens,81 x 81 -16,31,14,4,
576,2021-06-09 8:27,2021,6,9,8:27,Post-Season,LC,O,1001,LCO1001,27,George Stevens,81 x 81 -16,18,10,3,
577,2021-06-09 8:27,2021,6,9,8:27,Post-Season,LC,O,1001,LCO1001,28,George Stevens,81 x 81 -16,53,21,10,
578,2021-06-09 8:27,2021,6,9,8:27,Post-Season,LC,O,1001,LCO1001,29,George Stevens,81 x 81 -16,30,9,5,
579,2021-06-09 8:27,2021,6,9,8:27,Post-Season,LC,O,1001,LCO1001,30,George Stevens,81 x 81 -16,26,9,7,
580,2021-06-09 10:28,2021,6,9,10:28,Post-Season,LC,I,1002,LCI1002,1,Gerald Allen,81 x 81 -16,4,1,2,
581,2021-06-09 10:28,2021,6,9,10:28,Post-Season,LC,I,1002,LCI1002,2,Gerald Allen,81 x 81 -16,16,4,5,
582,2021-06-09 10:28,2021,6,9,10:28,Post-Season,LC,I,1002,LCI1002,3,Gerald Allen,81 x 81 -16,8,7,5,
583,2021-06-09 10:28,2021,6,9,10:28,Post-Season,LC,I,1002,LCI1002,4,Gerald Allen,81 x 81 -16,6,4,2,
584,2021-06-09 10:28,2021,6,9,10:28,Post-Season,LC,I,1002,LCI1002,5,Gerald Allen,81 x 81 -16,4,2,3,
585,2021-06-09 10:28,2021,6,9,10:28,Post-Season,LC,I,1002,LCI1002,6,Gerald Allen,81 x 81 -16,5,2,2,
586,2021-06-09 10:28,2021,6,9,10:28,Post-Season,LC,I,1002,LCI1002,7,Gerald Allen,81 x 81 -16,4,1,0,
587,2021-06-09 10:28,2021,6,9,10:28,Post-Season,LC,I,1002,LCI1002,8,Gerald Allen,81 x 81 -16,4,4,5,
588,2021-06-09 10:28,2021,6,9,10:28,Post-Season,LC,I,1002,LCI1002,9,Gerald Allen,81 x 81 -16,4,0,0,
589,2021-06-09 10:28,2021,6,9,10:28,Post-Season,LC,I,1002,LCI1002,10,Gerald Allen,81 x 81 -16,3,1,1,
590,2021-06-09 10:28,2021,6,9,10:28,Post-Season,LC,I,1002,LCI1002,11,Gerald Allen,81 x 81 -16,6,4,5,
591,2021-06-09 10:28,2021,6,9,10:28,Post-Season,LC,I,1002,LCI1002,12,Gerald Allen,81 x 81 -16,6,7,2,
592,2021-06-09 10:28,2021,6,9,10:28,Post-Season,LC,I,1002,LCI1002,13,Gerald Allen,81 x 81 -16,10,6,4,
593,2021-06-09 10:28,2021,6,9,10:28,Post-Season,LC,I,1002,LCI1002,14,Gerald Allen,81 x 81 -16,4,3,1,
594,2021-06-09 10:28,2021,6,9,10:28,Post-Season,LC,I,1002,LCI1002,15,Gerald Allen,81 x 81 -16,8,2,0,
595,2021-06-09 10:28,2021,6,9,10:28,Post-Season,LC,I,1002,LCI1002,16,Gerald Allen,81 x 81 -16,0,1,1,
596,2021-06-09 10:28,2021,6,9,10:28,Post-Season,LC,I,1002,LCI1002,17,Gerald Allen,81 x 81 -16,4,3,3,
597,2021-06-09 10:28,2021,6,9,10:28,Post-Season,LC,I,1002,LCI1002,18,Gerald Allen,81 x 81 -16,4,5,2,
598,2021-06-09 10:28,2021,6,9,10:28,Post-Season,LC,I,1002,LCI1002,19,Gerald Allen,81 x 81 -16,5,6,4,
599,2021-06-09 10:28,2021,6,9,10:28,Post-Season,LC,I,1002,LCI1002,20,Gerald Allen,81 x 81 -16,11,10,2,
600,2021-06-09 10:28,2021,6,9,10:28,Post-Season,LC,I,1002,LCI1002,21,Gerald Allen,81 x 81 -16,15,16,3,
601,2021-06-09 10:28,2021,6,9,10:28,Post-Season,LC,I,1002,LCI1002,22,Gerald Allen,81 x 81 -16,17,18,5,
602,2021-06-09 10:28,2021,6,9,10:28,Post-Season,LC,I,1002,LCI1002,23,Gerald Allen,81 x 81 -16,3,2,2,
603,2021-06-09 10:28,2021,6,9,10:28,Post-Season,LC,I,1002,LCI1002,24,Gerald Allen,81 x 81 -16,10,8,5,
604,2021-06-09 10:28,2021,6,9,10:28,Post-Season,LC,I,1002,LCI1002,25,Gerald Allen,81 x 81 -16,4,7,5,
605,2021-06-09 10:28,2021,6,9,10:28,Post-Season,LC,I,1002,LCI1002,26,Gerald Allen,81 x 81 -16,10,6,2,
606,2021-06-09 10:28,2021,6,9,10:28,Post-Season,LC,I,1002,LCI1002,27,Gerald Allen,81 x 81 -16,4,5,1,
607,2021-06-09 10:28,2021,6,9,10:28,Post-Season,LC,I,1002,LCI1002,28,Gerald Allen,81 x 81 -16,12,5,5,
608,2021-06-09 10:28,2021,6,9,10:28,Post-Season,LC,I,1002,LCI1002,29,Gerald Allen,81 x 81 -16,3,4,3,
609,2021-06-09 10:28,2021,6,9,10:28,Post-Season,LC,I,1002,LCI1002,30,Gerald Allen,81 x 81 -16,11,6,2,
610,2021-06-09 10:12,2021,6,9,10:12,Post-Season,LC,I,1001,LCI1001,1,Gerald Allen,81 x 81 -16,2,1,2,
611,2021-06-09 10:12,2021,6,9,10:12,Post-Season,LC,I,1001,LCI1001,2,Gerald Allen,81 x 81 -16,4,9,1,
612,2021-06-09 10:12,2021,6,9,10:12,Post-Season,LC,I,1001,LCI1001,3,Gerald Allen,81 x 81 -16,2,2,4,
613,2021-06-09 10:12,2021,6,9,10:12,Post-Season,LC,I,1001,LCI1001,4,Gerald Allen,81 x 81 -16,3,1,1,
614,2021-06-09 10:12,2021,6,9,10:12,Post-Season,LC,I,1001,LCI1001,5,Gerald Allen,81 x 81 -16,4,6,3,
615,2021-06-09 10:12,2021,6,9,10:12,Post-Season,LC,I,1001,LCI1001,6,Gerald Allen,81 x 81 -16,8,10,3,
616,2021-06-09 10:12,2021,6,9,10:12,Post-Season,LC,I,1001,LCI1001,7,Gerald Allen,81 x 81 -16,5,4,1,
617,2021-06-09 10:12,2021,6,9,10:12,Post-Season,LC,I,1001,LCI1001,8,Gerald Allen,81 x 81 -16,2,4,2,
618,2021-06-09 10:12,2021,6,9,10:12,Post-Season,LC,I,1001,LCI1001,9,Gerald Allen,81 x 81 -16,4,9,1,
619,2021-06-09 10:12,2021,6,9,10:12,Post-Season,LC,I,1001,LCI1001,10,Gerald Allen,81 x 81 -16,10,7,3,
620,2021-06-09 10:12,2021,6,9,10:12,Post-Season,LC,I,1001,LCI1001,11,Gerald Allen,81 x 81 -16,4,2,3,
621,2021-06-09 10:12,2021,6,9,10:12,Post-Season,LC,I,1001,LCI1001,12,Gerald Allen,81 x 81 -16,4,5,6,
622,2021-06-09 10:12,2021,6,9,10:12,Post-Season,LC,I,1001,LCI1001,13,Gerald Allen,81 x 81 -16,15,9,8,
623,2021-06-09 10:12,2021,6,9,10:12,Post-Season,LC,I,1001,LCI1001,14,Gerald Allen,81 x 81 -16,0,1,0,
624,2021-06-09 10:12,2021,6,9,10:12,Post-Season,LC,I,1001,LCI1001,15,Gerald Allen,81 x 81 -16,6,5,0,
625,2021-06-09 8:30,2021,6,9,8:30,Post-Season,LC,O,1001,LCO1001,1,Gerald Allen,81 x 81 -16,55,23,4,
626,2021-06-09 8:30,2021,6,9,8:30,Post-Season,LC,O,1001,LCO1001,2,Gerald Allen,81 x 81 -16,60,35,21,
627,2021-06-09 8:30,2021,6,9,8:30,Post-Season,LC,O,1001,LCO1001,3,Gerald Allen,81 x 81 -16,58,33,24,
628,2021-06-09 8:30,2021,6,9,8:30,Post-Season,LC,O,1001,LCO1001,4,Gerald Allen,81 x 81 -16,50,14,7,
629,2021-06-09 8:30,2021,6,9,8:30,Post-Season,LC,O,1001,LCO1001,5,Gerald Allen,81 x 81 -16,67,32,31,
630,2021-06-09 8:30,2021,6,9,8:30,Post-Season,LC,O,1001,LCO1001,6,Gerald Allen,81 x 81 -16,68,30,22,
631,2021-06-09 8:30,2021,6,9,8:30,Post-Season,LC,O,1001,LCO1001,7,Gerald Allen,81 x 81 -16,36,26,23,
632,2021-06-09 8:30,2021,6,9,8:30,Post-Season,LC,O,1001,LCO1001,8,Gerald Allen,81 x 81 -16,49,16,5,
633,2021-06-09 8:30,2021,6,9,8:30,Post-Season,LC,O,1001,LCO1001,9,Gerald Allen,81 x 81 -16,25,13,9,
634,2021-06-09 8:30,2021,6,9,8:30,Post-Season,LC,O,1001,LCO1001,10,Gerald Allen,81 x 81 -16,19,3,5,
635,2021-06-09 8:30,2021,6,9,8:30,Post-Season,LC,O,1001,LCO1001,11,Gerald Allen,81 x 81 -16,25,13,10,
636,2021-06-09 8:30,2021,6,9,8:30,Post-Season,LC,O,1001,LCO1001,12,Gerald Allen,81 x 81 -16,50,22,13,
637,2021-06-09 8:30,2021,6,9,8:30,Post-Season,LC,O,1001,LCO1001,13,Gerald Allen,81 x 81 -16,25,28,20,
638,2021-06-09 8:30,2021,6,9,8:30,Post-Season,LC,O,1001,LCO1001,14,Gerald Allen,81 x 81 -16,20,23,11,
639,2021-06-09 8:30,2021,6,9,8:30,Post-Season,LC,O,1001,LCO1001,15,Gerald Allen,81 x 81 -16,8,10,5,
640,2021-06-09 8:30,2021,6,9,8:30,Post-Season,LC,O,1001,LCO1001,16,Gerald Allen,81 x 81 -16,37,20,21,
641,2021-06-09 8:30,2021,6,9,8:30,Post-Season,LC,O,1001,LCO1001,17,Gerald Allen,81 x 81 -16,17,14,7,
642,2021-06-09 8:30,2021,6,9,8:30,Post-Season,LC,O,1001,LCO1001,18,Gerald Allen,81 x 81 -16,13,6,4,
643,2021-06-09 8:30,2021,6,9,8:30,Post-Season,LC,O,1001,LCO1001,19,Gerald Allen,81 x 81 -16,14,10,2,
644,2021-06-09 8:30,2021,6,9,8:30,Post-Season,LC,O,1001,LCO1001,20,Gerald Allen,81 x 81 -16,51,30,23,
645,2021-06-09 8:30,2021,6,9,8:30,Post-Season,LC,O,1001,LCO1001,21,Gerald Allen,81 x 81 -16,33,19,17,
646,2021-06-09 8:30,2021,6,9,8:30,Post-Season,LC,O,1001,LCO1001,22,Gerald Allen,81 x 81 -16,36,13,15,
647,2021-06-09 8:30,2021,6,9,8:30,Post-Season,LC,O,1001,LCO1001,23,Gerald Allen,81 x 81 -16,87,43,27,
648,2021-06-09 8:30,2021,6,9,8:30,Post-Season,LC,O,1001,LCO1001,24,Gerald Allen,81 x 81 -16,27,26,8,
649,2021-06-09 8:30,2021,6,9,8:30,Post-Season,LC,O,1001,LCO1001,25,Gerald Allen,81 x 81 -16,35,22,17,
650,2021-06-09 8:30,2021,6,9,8:30,Post-Season,LC,O,1001,LCO1001,26,Gerald Allen,81 x 81 -16,45,30,17,
651,2021-06-09 8:30,2021,6,9,8:30,Post-Season,LC,O,1001,LCO1001,27,Gerald Allen,81 x 81 -16,37,17,14,
652,2021-06-09 8:30,2021,6,9,8:30,Post-Season,LC,O,1001,LCO1001,28,Gerald Allen,81 x 81 -16,9,3,2,
653,2021-06-09 8:30,2021,6,9,8:30,Post-Season,LC,O,1001,LCO1001,29,Gerald Allen,81 x 81 -16,41,28,17,
654,2021-06-09 8:30,2021,6,9,8:30,Post-Season,LC,O,1001,LCO1001,30,Gerald Allen,81 x 81 -16,41,20,14,
655,2021-06-10 8:10,2021,6,10,8:10,Post-Season,CR,O,1004,CRO1004,1,Gerald Allen,81 x 81 -16,20,10,3,
656,2021-06-10 8:10,2021,6,10,8:10,Post-Season,CR,O,1004,CRO1004,2,Gerald Allen,81 x 81 -16,25,11,5,
657,2021-06-10 8:10,2021,6,10,8:10,Post-Season,CR,O,1004,CRO1004,3,Gerald Allen,81 x 81 -16,35,12,5,
658,2021-06-10 8:10,2021,6,10,8:10,Post-Season,CR,O,1004,CRO1004,4,Gerald Allen,81 x 81 -16,13,4,3,
659,2021-06-10 8:10,2021,6,10,8:10,Post-Season,CR,O,1004,CRO1004,5,Gerald Allen,81 x 81 -16,30,17,7,
660,2021-06-10 8:10,2021,6,10,8:10,Post-Season,CR,O,1004,CRO1004,6,Gerald Allen,81 x 81 -16,18,2,1,
661,2021-06-10 8:10,2021,6,10,8:10,Post-Season,CR,O,1004,CRO1004,7,Gerald Allen,81 x 81 -16,6,0,0,
662,2021-06-10 8:10,2021,6,10,8:10,Post-Season,CR,O,1004,CRO1004,8,Gerald Allen,81 x 81 -16,14,6,5,
663,2021-06-10 8:10,2021,6,10,8:10,Post-Season,CR,O,1004,CRO1004,9,Gerald Allen,81 x 81 -16,5,2,0,
664,2021-06-10 8:10,2021,6,10,8:10,Post-Season,CR,O,1004,CRO1004,10,Gerald Allen,81 x 81 -16,5,3,1,
665,2021-06-10 8:10,2021,6,10,8:10,Post-Season,CR,O,1004,CRO1004,11,Gerald Allen,81 x 81 -16,10,8,3,
666,2021-06-10 8:10,2021,6,10,8:10,Post-Season,CR,O,1004,CRO1004,12,Gerald Allen,81 x 81 -16,9,10,3,
667,2021-06-10 8:10,2021,6,10,8:10,Post-Season,CR,O,1004,CRO1004,13,Gerald Allen,81 x 81 -16,3,4,0,
668,2021-06-10 8:10,2021,6,10,8:10,Post-Season,CR,O,1004,CRO1004,14,Gerald Allen,81 x 81 -16,8,3,2,
669,2021-06-10 8:10,2021,6,10,8:10,Post-Season,CR,O,1004,CRO1004,15,Gerald Allen,81 x 81 -16,10,7,3,
670,2021-06-10 8:10,2021,6,10,8:10,Post-Season,CR,O,1004,CRO1004,16,Gerald Allen,81 x 81 -16,11,7,3,
671,2021-06-10 8:10,2021,6,10,8:10,Post-Season,CR,O,1004,CRO1004,17,Gerald Allen,81 x 81 -16,3,3,0,
672,2021-06-10 8:10,2021,6,10,8:10,Post-Season,CR,O,1004,CRO1004,18,Gerald Allen,81 x 81 -16,10,7,1,
673,2021-06-10 8:10,2021,6,10,8:10,Post-Season,CR,O,1004,CRO1004,19,Gerald Allen,81 x 81 -16,12,11,2,
674,2021-06-10 8:10,2021,6,10,8:10,Post-Season,CR,O,1004,CRO1004,20,Gerald Allen,81 x 81 -16,11,9,7,
675,2021-06-10 8:10,2021,6,10,8:10,Post-Season,CR,O,1004,CRO1004,21,Gerald Allen,81 x 81 -16,12,10,2,
676,2021-06-10 8:10,2021,6,10,8:10,Post-Season,CR,O,1004,CRO1004,22,Gerald Allen,81 x 81 -16,9,9,3,
677,2021-06-10 8:10,2021,6,10,8:10,Post-Season,CR,O,1004,CRO1004,23,Gerald Allen,81 x 81 -16,14,14,3,
678,2021-06-10 8:10,2021,6,10,8:10,Post-Season,CR,O,1004,CRO1004,24,Gerald Allen,81 x 81 -16,3,5,4,
679,2021-06-10 8:10,2021,6,10,8:10,Post-Season,CR,O,1004,CRO1004,25,Gerald Allen,81 x 81 -16,7,10,3,
680,2021-06-10 8:10,2021,6,10,8:10,Post-Season,CR,O,1004,CRO1004,26,Gerald Allen,81 x 81 -16,10,9,4,
681,2021-06-10 8:10,2021,6,10,8:10,Post-Season,CR,O,1004,CRO1004,27,Gerald Allen,81 x 81 -16,7,2,1,
682,2021-06-10 8:10,2021,6,10,8:10,Post-Season,CR,O,1004,CRO1004,28,Gerald Allen,81 x 81 -16,5,5,0,
683,2021-06-10 8:10,2021,6,10,8:10,Post-Season,CR,O,1004,CRO1004,29,Gerald Allen,81 x 81 -16,4,6,3,
684,2021-06-10 8:10,2021,6,10,8:10,Post-Season,CR,O,1004,CRO1004,30,Gerald Allen,81 x 81 -16,6,7,6,
685,2021-06-10 9:20,2021,6,10,9:20,Post-Season,CR,N,1003,CRN1003,1,Gerald Allen,81 x 81 -16,2,5,2,
686,2021-06-10 9:20,2021,6,10,9:20,Post-Season,CR,N,1003,CRN1003,2,Gerald Allen,81 x 81 -16,2,0,1,
687,2021-06-10 9:20,2021,6,10,9:20,Post-Season,CR,N,1003,CRN1003,3,Gerald Allen,81 x 81 -16,5,3,2,
688,2021-06-10 9:20,2021,6,10,9:20,Post-Season,CR,N,1003,CRN1003,4,Gerald Allen,81 x 81 -16,3,1,3,
689,2021-06-10 9:20,2021,6,10,9:20,Post-Season,CR,N,1003,CRN1003,5,Gerald Allen,81 x 81 -16,6,5,4,
690,2021-06-10 9:20,2021,6,10,9:20,Post-Season,CR,N,1003,CRN1003,6,Gerald Allen,81 x 81 -16,5,2,1,
691,2021-06-10 9:20,2021,6,10,9:20,Post-Season,CR,N,1003,CRN1003,7,Gerald Allen,81 x 81 -16,3,0,0,
692,2021-06-10 9:20,2021,6,10,9:20,Post-Season,CR,N,1003,CRN1003,8,Gerald Allen,81 x 81 -16,1,1,0,
693,2021-06-10 9:20,2021,6,10,9:20,Post-Season,CR,N,1003,CRN1003,9,Gerald Allen,81 x 81 -16,4,6,0,
694,2021-06-10 9:20,2021,6,10,9:20,Post-Season,CR,N,1003,CRN1003,10,Gerald Allen,81 x 81 -16,13,2,0,
695,2021-06-10 9:30,2021,6,10,9:30,Post-Season,CR,N,1001,CRN1001,1,Gerald Allen,81 x 81 -16,8,2,0,
696,2021-06-10 9:30,2021,6,10,9:30,Post-Season,CR,N,1001,CRN1001,2,Gerald Allen,81 x 81 -16,6,7,6,
697,2021-06-10 9:30,2021,6,10,9:30,Post-Season,CR,N,1001,CRN1001,3,Gerald Allen,81 x 81 -16,8,11,7,
698,2021-06-10 9:30,2021,6,10,9:30,Post-Season,CR,N,1001,CRN1001,4,Gerald Allen,81 x 81 -16,12,7,0,
699,2021-06-10 9:30,2021,6,10,9:30,Post-Season,CR,N,1001,CRN1001,5,Gerald Allen,81 x 81 -16,13,8,0,
700,2021-06-10 9:30,2021,6,10,9:30,Post-Season,CR,N,1001,CRN1001,6,Gerald Allen,81 x 81 -16,18,13,2,
701,2021-06-10 9:30,2021,6,10,9:30,Post-Season,CR,N,1001,CRN1001,7,Gerald Allen,81 x 81 -16,15,7,4,
702,2021-06-10 9:30,2021,6,10,9:30,Post-Season,CR,N,1001,CRN1001,8,Gerald Allen,81 x 81 -16,4,8,5,
703,2021-06-10 9:30,2021,6,10,9:30,Post-Season,CR,N,1001,CRN1001,9,Gerald Allen,81 x 81 -16,13,16,9,
704,2021-06-10 9:30,2021,6,10,9:30,Post-Season,CR,N,1001,CRN1001,10,Gerald Allen,81 x 81 -16,18,11,7,
705,2021-06-10 9:30,2021,6,10,9:30,Post-Season,CR,N,1001,CRN1001,11,Gerald Allen,81 x 81 -16,4,6,4,
706,2021-06-10 9:30,2021,6,10,9:30,Post-Season,CR,N,1001,CRN1001,12,Gerald Allen,81 x 81 -16,8,5,3,
707,2021-06-10 9:30,2021,6,10,9:30,Post-Season,CR,N,1001,CRN1001,13,Gerald Allen,81 x 81 -16,0,1,0,
708,2021-06-10 9:30,2021,6,10,9:30,Post-Season,CR,N,1001,CRN1001,14,Gerald Allen,81 x 81 -16,3,4,1,
709,2021-06-10 9:30,2021,6,10,9:30,Post-Season,CR,N,1001,CRN1001,15,Gerald Allen,81 x 81 -16,11,18,8,
710,2021-06-10 9:30,2021,6,10,9:30,Post-Season,CR,N,1001,CRN1001,16,Gerald Allen,81 x 81 -16,2,4,5,
711,2021-06-10 9:30,2021,6,10,9:30,Post-Season,CR,N,1001,CRN1001,17,Gerald Allen,81 x 81 -16,15,9,7,
712,2021-06-10 9:30,2021,6,10,9:30,Post-Season,CR,N,1001,CRN1001,18,Gerald Allen,81 x 81 -16,13,9,6,
713,2021-06-10 9:30,2021,6,10,9:30,Post-Season,CR,N,1001,CRN1001,19,Gerald Allen,81 x 81 -16,7,7,3,
714,2021-06-10 9:30,2021,6,10,9:30,Post-Season,CR,N,1001,CRN1001,20,Gerald Allen,81 x 81 -16,2,2,0,
715,2021-06-10 9:30,2021,6,10,9:30,Post-Season,CR,N,1001,CRN1001,21,Gerald Allen,81 x 81 -16,2,5,1,
716,2021-06-10 9:30,2021,6,10,9:30,Post-Season,CR,N,1001,CRN1001,22,Gerald Allen,81 x 81 -16,3,6,3,
717,2021-06-10 9:30,2021,6,10,9:30,Post-Season,CR,N,1001,CRN1001,23,Gerald Allen,81 x 81 -16,9,7,10,
718,2021-06-10 9:30,2021,6,10,9:30,Post-Season,CR,N,1001,CRN1001,24,Gerald Allen,81 x 81 -16,14,7,3,
719,2021-06-10 9:30,2021,6,10,9:30,Post-Season,CR,N,1001,CRN1001,25,Gerald Allen,81 x 81 -16,1,1,0,
720,2021-06-10 9:30,2021,6,10,9:30,Post-Season,CR,N,1001,CRN1001,26,Gerald Allen,81 x 81 -16,11,5,6,
721,2021-06-10 9:30,2021,6,10,9:30,Post-Season,CR,N,1001,CRN1001,27,Gerald Allen,81 x 81 -16,4,1,2,
722,2021-06-10 9:30,2021,6,10,9:30,Post-Season,CR,N,1001,CRN1001,28,Gerald Allen,81 x 81 -16,7,9,0,
723,2021-06-10 9:30,2021,6,10,9:30,Post-Season,CR,N,1001,CRN1001,29,Gerald Allen,81 x 81 -16,14,8,8,
724,2021-06-10 9:30,2021,6,10,9:30,Post-Season,CR,N,1001,CRN1001,30,Gerald Allen,81 x 81 -16,10,10,5,
725,2021-06-09 10:30,2021,6,9,10:30,Post-Season,LC,I,1004,LCI1004,1,Jerald Beckham,73 x 73 - 14,2,9,0,
726,2021-06-09 10:30,2021,6,9,10:30,Post-Season,LC,I,1004,LCI1004,2,Jerald Beckham,73 x 73 - 14,5,21,3,
727,2021-06-09 10:30,2021,6,9,10:30,Post-Season,LC,I,1004,LCI1004,3,Jerald Beckham,73 x 73 - 14,10,17,0,
728,2021-06-09 10:30,2021,6,9,10:30,Post-Season,LC,I,1004,LCI1004,4,Jerald Beckham,73 x 73 - 14,8,26,1,
729,2021-06-09 10:30,2021,6,9,10:30,Post-Season,LC,I,1004,LCI1004,5,Jerald Beckham,73 x 73 - 14,3,7,1,
730,2021-06-09 10:30,2021,6,9,10:30,Post-Season,LC,I,1004,LCI1004,6,Jerald Beckham,73 x 73 - 14,5,10,2,
731,2021-06-09 10:30,2021,6,9,10:30,Post-Season,LC,I,1004,LCI1004,7,Jerald Beckham,73 x 73 - 14,4,3,2,
732,2021-06-09 10:30,2021,6,9,10:30,Post-Season,LC,I,1004,LCI1004,8,Jerald Beckham,73 x 73 - 14,3,2,1,
733,2021-06-09 10:30,2021,6,9,10:30,Post-Season,LC,I,1004,LCI1004,9,Jerald Beckham,73 x 73 - 14,3,6,1,
734,2021-06-09 10:30,2021,6,9,10:30,Post-Season,LC,I,1004,LCI1004,10,Jerald Beckham,73 x 73 - 14,0,2,2,
735,2021-06-09 10:30,2021,6,9,10:30,Post-Season,LC,I,1004,LCI1004,11,Jerald Beckham,73 x 73 - 14,8,19,1,
736,2021-06-09 10:30,2021,6,9,10:30,Post-Season,LC,I,1004,LCI1004,12,Jerald Beckham,73 x 73 - 14,8,19,3,
737,2021-06-09 10:30,2021,6,9,10:30,Post-Season,LC,I,1004,LCI1004,13,Jerald Beckham,73 x 73 - 14,0,7,1,
738,2021-06-09 10:30,2021,6,9,10:30,Post-Season,LC,I,1004,LCI1004,14,Jerald Beckham,73 x 73 - 14,2,5,2,
739,2021-06-09 10:30,2021,6,9,10:30,Post-Season,LC,I,1004,LCI1004,15,Jerald Beckham,73 x 73 - 14,1,7,0,
740,2021-06-09 10:30,2021,6,9,10:30,Post-Season,LC,I,1004,LCI1004,16,Jerald Beckham,73 x 73 - 14,2,8,3,
741,2021-06-09 10:30,2021,6,9,10:30,Post-Season,LC,I,1004,LCI1004,17,Jerald Beckham,73 x 73 - 14,0,1,1,
742,2021-06-09 10:30,2021,6,9,10:30,Post-Season,LC,I,1004,LCI1004,18,Jerald Beckham,73 x 73 - 14,0,1,0,
743,2021-06-09 10:30,2021,6,9,10:30,Post-Season,LC,I,1004,LCI1004,19,Jerald Beckham,73 x 73 - 14,0,5,0,
744,2021-06-09 10:30,2021,6,9,10:30,Post-Season,LC,I,1004,LCI1004,20,Jerald Beckham,73 x 73 - 14,0,1,1,
745,2021-06-09 10:30,2021,6,9,10:30,Post-Season,LC,I,1004,LCI1004,21,Jerald Beckham,73 x 73 - 14,4,7,1,
746,2021-06-09 10:30,2021,6,9,10:30,Post-Season,LC,I,1004,LCI1004,22,Jerald Beckham,73 x 73 - 14,1,3,1,
747,2021-06-09 10:30,2021,6,9,10:30,Post-Season,LC,I,1004,LCI1004,23,Jerald Beckham,73 x 73 - 14,5,4,0,
748,2021-06-09 10:30,2021,6,9,10:30,Post-Season,LC,I,1004,LCI1004,24,Jerald Beckham,73 x 73 - 14,3,3,2,
749,2021-06-09 10:30,2021,6,9,10:30,Post-Season,LC,I,1004,LCI1004,25,Jerald Beckham,73 x 73 - 14,0,3,1,
750,2021-06-09 10:30,2021,6,9,10:30,Post-Season,LC,I,1004,LCI1004,26,Jerald Beckham,73 x 73 - 14,1,4,0,
751,2021-06-09 10:30,2021,6,9,10:30,Post-Season,LC,I,1004,LCI1004,27,Jerald Beckham,73 x 73 - 14,2,3,1,
752,2021-06-09 10:30,2021,6,9,10:30,Post-Season,LC,I,1004,LCI1004,28,Jerald Beckham,73 x 73 - 14,0,3,3,
753,2021-06-09 10:30,2021,6,9,10:30,Post-Season,LC,I,1004,LCI1004,29,Jerald Beckham,73 x 73 - 14,3,10,1,
754,2021-06-09 10:30,2021,6,9,10:30,Post-Season,LC,I,1004,LCI1004,30,Jerald Beckham,73 x 73 - 14,0,2,2,
755,2021-06-09 8:28,2021,6,9,8:28,Post-Season,LC,O,1001,LCO1001,1,Jerald Beckham,73 x 73 - 14,8,30,12,
756,2021-06-09 8:28,2021,6,9,8:28,Post-Season,LC,O,1001,LCO1001,2,Jerald Beckham,73 x 73 - 14,6,6,8,
757,2021-06-09 8:28,2021,6,9,8:28,Post-Season,LC,O,1001,LCO1001,3,Jerald Beckham,73 x 73 - 14,24,51,22,
758,2021-06-09 8:28,2021,6,9,8:28,Post-Season,LC,O,1001,LCO1001,4,Jerald Beckham,73 x 73 - 14,46,62,31,
759,2021-06-09 8:28,2021,6,9,8:28,Post-Season,LC,O,1001,LCO1001,5,Jerald Beckham,73 x 73 - 14,16,28,3,
760,2021-06-09 8:28,2021,6,9,8:28,Post-Season,LC,O,1001,LCO1001,6,Jerald Beckham,73 x 73 - 14,10,8,4,
761,2021-06-09 8:28,2021,6,9,8:28,Post-Season,LC,O,1001,LCO1001,7,Jerald Beckham,73 x 73 - 14,14,22,14,
762,2021-06-09 8:28,2021,6,9,8:28,Post-Season,LC,O,1001,LCO1001,8,Jerald Beckham,73 x 73 - 14,13,32,9,
763,2021-06-09 8:28,2021,6,9,8:28,Post-Season,LC,O,1001,LCO1001,9,Jerald Beckham,73 x 73 - 14,19,14,12,
764,2021-06-09 8:28,2021,6,9,8:28,Post-Season,LC,O,1001,LCO1001,10,Jerald Beckham,73 x 73 - 14,28,33,8,
765,2021-06-09 8:28,2021,6,9,8:28,Post-Season,LC,O,1001,LCO1001,11,Jerald Beckham,73 x 73 - 14,19,13,8,
766,2021-06-09 8:28,2021,6,9,8:28,Post-Season,LC,O,1001,LCO1001,12,Jerald Beckham,73 x 73 - 14,8,8,4,
767,2021-06-09 8:28,2021,6,9,8:28,Post-Season,LC,O,1001,LCO1001,13,Jerald Beckham,73 x 73 - 14,16,12,7,
768,2021-06-09 8:28,2021,6,9,8:28,Post-Season,LC,O,1001,LCO1001,14,Jerald Beckham,73 x 73 - 14,7,14,0,
769,2021-06-09 8:28,2021,6,9,8:28,Post-Season,LC,O,1001,LCO1001,15,Jerald Beckham,73 x 73 - 14,12,34,6,
770,2021-06-09 8:28,2021,6,9,8:28,Post-Season,LC,O,1001,LCO1001,16,Jerald Beckham,73 x 73 - 14,14,29,3,
771,2021-06-09 8:28,2021,6,9,8:28,Post-Season,LC,O,1001,LCO1001,17,Jerald Beckham,73 x 73 - 14,9,9,3,
772,2021-06-09 8:28,2021,6,9,8:28,Post-Season,LC,O,1001,LCO1001,18,Jerald Beckham,73 x 73 - 14,13,72,23,
773,2021-06-09 8:28,2021,6,9,8:28,Post-Season,LC,O,1001,LCO1001,19,Jerald Beckham,73 x 73 - 14,23,41,9,
774,2021-06-09 8:28,2021,6,9,8:28,Post-Season,LC,O,1001,LCO1001,20,Jerald Beckham,73 x 73 - 14,24,57,13,
775,2021-06-09 8:28,2021,6,9,8:28,Post-Season,LC,O,1001,LCO1001,21,Jerald Beckham,73 x 73 - 14,10,28,11,
776,2021-06-09 8:28,2021,6,9,8:28,Post-Season,LC,O,1001,LCO1001,22,Jerald Beckham,73 x 73 - 14,30,47,15,
777,2021-06-09 8:28,2021,6,9,8:28,Post-Season,LC,O,1001,LCO1001,23,Jerald Beckham,73 x 73 - 14,23,33,11,
778,2021-06-09 8:28,2021,6,9,8:28,Post-Season,LC,O,1001,LCO1001,24,Jerald Beckham,73 x 73 - 14,4,10,2,
779,2021-06-09 8:28,2021,6,9,8:28,Post-Season,LC,O,1001,LCO1001,25,Jerald Beckham,73 x 73 - 14,38,47,17,
780,2021-06-09 8:28,2021,6,9,8:28,Post-Season,LC,O,1001,LCO1001,26,Jerald Beckham,73 x 73 - 14,21,38,22,
781,2021-06-09 8:28,2021,6,9,8:28,Post-Season,LC,O,1001,LCO1001,27,Jerald Beckham,73 x 73 - 14,22,45,18,
782,2021-06-09 8:28,2021,6,9,8:28,Post-Season,LC,O,1001,LCO1001,28,Jerald Beckham,73 x 73 - 14,18,38,11,
783,2021-06-09 8:28,2021,6,9,8:28,Post-Season,LC,O,1001,LCO1001,29,Jerald Beckham,73 x 73 - 14,14,55,11,
784,2021-06-09 8:28,2021,6,9,8:28,Post-Season,LC,O,1001,LCO1001,30,Jerald Beckham,73 x 73 - 14,36,75,9,
785,2021-06-10 8:20,2021,6,10,8:20,Post-Season,CR,O,1002,CRO1002,1,Jerald Beckham,73 x 73 - 14,4,4,2,
786,2021-06-10 8:20,2021,6,10,8:20,Post-Season,CR,O,1002,CRO1002,2,Jerald Beckham,73 x 73 - 14,4,4,3,
787,2021-06-10 8:20,2021,6,10,8:20,Post-Season,CR,O,1002,CRO1002,3,Jerald Beckham,73 x 73 - 14,6,10,6,
788,2021-06-10 8:20,2021,6,10,8:20,Post-Season,CR,O,1002,CRO1002,4,Jerald Beckham,73 x 73 - 14,2,3,1,
789,2021-06-10 8:20,2021,6,10,8:20,Post-Season,CR,O,1002,CRO1002,5,Jerald Beckham,73 x 73 - 14,8,9,10,
790,2021-06-10 8:20,2021,6,10,8:20,Post-Season,CR,O,1002,CRO1002,6,Jerald Beckham,73 x 73 - 14,5,5,3,
791,2021-06-10 8:20,2021,6,10,8:20,Post-Season,CR,O,1002,CRO1002,7,Jerald Beckham,73 x 73 - 14,14,21,6,
792,2021-06-10 8:20,2021,6,10,8:20,Post-Season,CR,O,1002,CRO1002,8,Jerald Beckham,73 x 73 - 14,13,37,5,
793,2021-06-10 8:20,2021,6,10,8:20,Post-Season,CR,O,1002,CRO1002,9,Jerald Beckham,73 x 73 - 14,11,16,6,
794,2021-06-10 8:20,2021,6,10,8:20,Post-Season,CR,O,1002,CRO1002,10,Jerald Beckham,73 x 73 - 14,4,7,5,
795,2021-06-10 8:20,2021,6,10,8:20,Post-Season,CR,O,1002,CRO1002,11,Jerald Beckham,73 x 73 - 14,14,8,3,
796,2021-06-10 8:20,2021,6,10,8:20,Post-Season,CR,O,1002,CRO1002,12,Jerald Beckham,73 x 73 - 14,17,7,3,
797,2021-06-10 8:20,2021,6,10,8:20,Post-Season,CR,O,1002,CRO1002,13,Jerald Beckham,73 x 73 - 14,22,12,9,
798,2021-06-10 8:20,2021,6,10,8:20,Post-Season,CR,O,1002,CRO1002,14,Jerald Beckham,73 x 73 - 14,25,20,8,
799,2021-06-10 8:20,2021,6,10,8:20,Post-Season,CR,O,1002,CRO1002,15,Jerald Beckham,73 x 73 - 14,11,3,5,
800,2021-06-10 8:20,2021,6,10,8:20,Post-Season,CR,O,1002,CRO1002,16,Jerald Beckham,73 x 73 - 14,19,15,4,
801,2021-06-10 8:20,2021,6,10,8:20,Post-Season,CR,O,1002,CRO1002,17,Jerald Beckham,73 x 73 - 14,7,7,0,
802,2021-06-10 8:20,2021,6,10,8:20,Post-Season,CR,O,1002,CRO1002,18,Jerald Beckham,73 x 73 - 14,21,17,10,
803,2021-06-10 8:20,2021,6,10,8:20,Post-Season,CR,O,1002,CRO1002,19,Jerald Beckham,73 x 73 - 14,16,13,4,
804,2021-06-10 8:20,2021,6,10,8:20,Post-Season,CR,O,1002,CRO1002,20,Jerald Beckham,73 x 73 - 14,6,8,4,
805,2021-06-10 8:20,2021,6,10,8:20,Post-Season,CR,O,1002,CRO1002,21,Jerald Beckham,73 x 73 - 14,5,6,3,
806,2021-06-10 8:20,2021,6,10,8:20,Post-Season,CR,O,1002,CRO1002,22,Jerald Beckham,73 x 73 - 14,18,9,6,
807,2021-06-10 8:20,2021,6,10,8:20,Post-Season,CR,O,1002,CRO1002,23,Jerald Beckham,73 x 73 - 14,10,6,4,
808,2021-06-10 8:20,2021,6,10,8:20,Post-Season,CR,O,1002,CRO1002,24,Jerald Beckham,73 x 73 - 14,6,5,1,
809,2021-06-10 8:20,2021,6,10,8:20,Post-Season,CR,O,1002,CRO1002,25,Jerald Beckham,73 x 73 - 14,22,12,4,
810,2021-06-10 8:20,2021,6,10,8:20,Post-Season,CR,O,1002,CRO1002,26,Jerald Beckham,73 x 73 - 14,21,13,4,
811,2021-06-10 8:20,2021,6,10,8:20,Post-Season,CR,O,1002,CRO1002,27,Jerald Beckham,73 x 73 - 14,23,16,11,
812,2021-06-10 8:20,2021,6,10,8:20,Post-Season,CR,O,1002,CRO1002,28,Jerald Beckham,73 x 73 - 14,6,3,6,
813,2021-06-10 8:20,2021,6,10,8:20,Post-Season,CR,O,1002,CRO1002,29,Jerald Beckham,73 x 73 - 14,0,1,1,
814,2021-06-10 8:20,2021,6,10,8:20,Post-Season,CR,O,1002,CRO1002,30,Jerald Beckham,73 x 73 - 14,8,14,3,
815,2021-06-10 9:07,2021,6,10,9:07,Post-Season,CR,N,1006,CRN1006,1,Jerald Beckham,73 x 73 - 14,24,25,18,
816,2021-06-10 9:07,2021,6,10,9:07,Post-Season,CR,N,1006,CRN1006,2,Jerald Beckham,73 x 73 - 14,9,12,0,
817,2021-06-10 9:07,2021,6,10,9:07,Post-Season,CR,N,1006,CRN1006,3,Jerald Beckham,73 x 73 - 14,12,14,6,
818,2021-06-10 9:07,2021,6,10,9:07,Post-Season,CR,N,1006,CRN1006,4,Jerald Beckham,73 x 73 - 14,7,4,5,
819,2021-06-10 9:07,2021,6,10,9:07,Post-Season,CR,N,1006,CRN1006,5,Jerald Beckham,73 x 73 - 14,17,18,5,
820,2021-06-10 9:07,2021,6,10,9:07,Post-Season,CR,N,1006,CRN1006,6,Jerald Beckham,73 x 73 - 14,15,17,0,
821,2021-06-10 9:07,2021,6,10,9:07,Post-Season,CR,N,1006,CRN1006,7,Jerald Beckham,73 x 73 - 14,3,1,4,
822,2021-06-10 9:07,2021,6,10,9:07,Post-Season,CR,N,1006,CRN1006,8,Jerald Beckham,73 x 73 - 14,7,7,3,
823,2021-06-10 9:07,2021,6,10,9:07,Post-Season,CR,N,1006,CRN1006,9,Jerald Beckham,73 x 73 - 14,10,11,0,
824,2021-06-10 9:07,2021,6,10,9:07,Post-Season,CR,N,1006,CRN1006,10,Jerald Beckham,73 x 73 - 14,5,5,1,
825,2021-06-10 9:07,2021,6,10,9:07,Post-Season,CR,N,1006,CRN1006,11,Jerald Beckham,73 x 73 - 14,5,16,1,
826,2021-06-10 9:07,2021,6,10,9:07,Post-Season,CR,N,1006,CRN1006,12,Jerald Beckham,73 x 73 - 14,3,8,0,
827,2021-06-10 9:07,2021,6,10,9:07,Post-Season,CR,N,1006,CRN1006,13,Jerald Beckham,73 x 73 - 14,5,9,2,
828,2021-06-10 9:07,2021,6,10,9:07,Post-Season,CR,N,1006,CRN1006,14,Jerald Beckham,73 x 73 - 14,6,12,2,
829,2021-06-10 9:07,2021,6,10,9:07,Post-Season,CR,N,1006,CRN1006,15,Jerald Beckham,73 x 73 - 14,6,13,1,
830,2021-06-10 9:07,2021,6,10,9:07,Post-Season,CR,N,1006,CRN1006,16,Jerald Beckham,73 x 73 - 14,21,56,9,
831,2021-06-10 9:07,2021,6,10,9:07,Post-Season,CR,N,1006,CRN1006,17,Jerald Beckham,73 x 73 - 14,26,27,3,
832,2021-06-10 9:07,2021,6,10,9:07,Post-Season,CR,N,1006,CRN1006,18,Jerald Beckham,73 x 73 - 14,11,7,1,
833,2021-06-10 9:07,2021,6,10,9:07,Post-Season,CR,N,1006,CRN1006,19,Jerald Beckham,73 x 73 - 14,30,16,2,
834,2021-06-10 9:07,2021,6,10,9:07,Post-Season,CR,N,1006,CRN1006,20,Jerald Beckham,73 x 73 - 14,37,28,0,
835,2021-06-10 9:07,2021,6,10,9:07,Post-Season,CR,N,1006,CRN1006,21,Jerald Beckham,73 x 73 - 14,0,1,3,
836,2021-06-10 9:07,2021,6,10,9:07,Post-Season,CR,N,1006,CRN1006,22,Jerald Beckham,73 x 73 - 14,7,8,3,
837,2021-06-10 9:07,2021,6,10,9:07,Post-Season,CR,N,1006,CRN1006,23,Jerald Beckham,73 x 73 - 14,2,14,0,
838,2021-06-10 9:07,2021,6,10,9:07,Post-Season,CR,N,1006,CRN1006,24,Jerald Beckham,73 x 73 - 14,44,46,9,
839,2021-06-10 9:07,2021,6,10,9:07,Post-Season,CR,N,1006,CRN1006,25,Jerald Beckham,73 x 73 - 14,30,27,1,
840,2021-06-10 9:07,2021,6,10,9:07,Post-Season,CR,N,1006,CRN1006,26,Jerald Beckham,73 x 73 - 14,50,61,15,
841,2021-06-10 9:07,2021,6,10,9:07,Post-Season,CR,N,1006,CRN1006,27,Jerald Beckham,73 x 73 - 14,43,33,16,
842,2021-06-10 9:07,2021,6,10,9:07,Post-Season,CR,N,1006,CRN1006,28,Jerald Beckham,73 x 73 - 14,9,7,0,
843,2021-06-10 9:07,2021,6,10,9:07,Post-Season,CR,N,1006,CRN1006,29,Jerald Beckham,73 x 73 - 14,13,14,1,
844,2021-06-10 9:07,2021,6,10,9:07,Post-Season,CR,N,1006,CRN1006,30,Jerald Beckham,73 x 73 - 14,4,3,1,
845,2021-06-09 10:17,2021,6,9,10:17,Post-Season,LC,I,1006,LCI1006,1,Ryan Beckham,76 x 76 - 16,1,7,1,
846,2021-06-09 10:17,2021,6,9,10:17,Post-Season,LC,I,1006,LCI1006,2,Ryan Beckham,76 x 76 - 16,1,20,2,
847,2021-06-09 10:17,2021,6,9,10:17,Post-Season,LC,I,1006,LCI1006,3,Ryan Beckham,76 x 76 - 16,1,18,5,
848,2021-06-09 10:17,2021,6,9,10:17,Post-Season,LC,I,1006,LCI1006,4,Ryan Beckham,76 x 76 - 16,0,2,3,
849,2021-06-09 10:17,2021,6,9,10:17,Post-Season,LC,I,1006,LCI1006,5,Ryan Beckham,76 x 76 - 16,0,10,1,
850,2021-06-09 10:17,2021,6,9,10:17,Post-Season,LC,I,1006,LCI1006,6,Ryan Beckham,76 x 76 - 16,0,0,2,
851,2021-06-09 10:17,2021,6,9,10:17,Post-Season,LC,I,1006,LCI1006,7,Ryan Beckham,76 x 76 - 16,1,15,2,
852,2021-06-09 10:17,2021,6,9,10:17,Post-Season,LC,I,1006,LCI1006,8,Ryan Beckham,76 x 76 - 16,0,8,3,
853,2021-06-09 10:17,2021,6,9,10:17,Post-Season,LC,I,1006,LCI1006,9,Ryan Beckham,76 x 76 - 16,2,9,2,
854,2021-06-09 10:17,2021,6,9,10:17,Post-Season,LC,I,1006,LCI1006,10,Ryan Beckham,76 x 76 - 16,0,6,2,
855,2021-06-09 10:17,2021,6,9,10:17,Post-Season,LC,I,1006,LCI1006,11,Ryan Beckham,76 x 76 - 16,0,15,2,
856,2021-06-09 10:17,2021,6,9,10:17,Post-Season,LC,I,1006,LCI1006,12,Ryan Beckham,76 x 76 - 16,0,18,0,
857,2021-06-09 10:17,2021,6,9,10:17,Post-Season,LC,I,1006,LCI1006,13,Ryan Beckham,76 x 76 - 16,1,23,4,
858,2021-06-09 10:17,2021,6,9,10:17,Post-Season,LC,I,1006,LCI1006,14,Ryan Beckham,76 x 76 - 16,5,9,2,
859,2021-06-09 10:17,2021,6,9,10:17,Post-Season,LC,I,1006,LCI1006,15,Ryan Beckham,76 x 76 - 16,0,0,0,
860,2021-06-09 10:17,2021,6,9,10:17,Post-Season,LC,I,1006,LCI1006,16,Ryan Beckham,76 x 76 - 16,1,3,0,
861,2021-06-09 10:17,2021,6,9,10:17,Post-Season,LC,I,1006,LCI1006,17,Ryan Beckham,76 x 76 - 16,0,5,1,
862,2021-06-09 10:17,2021,6,9,10:17,Post-Season,LC,I,1006,LCI1006,18,Ryan Beckham,76 x 76 - 16,2,20,1,
863,2021-06-09 10:17,2021,6,9,10:17,Post-Season,LC,I,1006,LCI1006,19,Ryan Beckham,76 x 76 - 16,5,5,0,
864,2021-06-09 10:17,2021,6,9,10:17,Post-Season,LC,I,1006,LCI1006,20,Ryan Beckham,76 x 76 - 16,23,7,0,
865,2021-06-09 10:17,2021,6,9,10:17,Post-Season,LC,I,1006,LCI1006,21,Ryan Beckham,76 x 76 - 16,2,12,2,
866,2021-06-09 10:17,2021,6,9,10:17,Post-Season,LC,I,1006,LCI1006,22,Ryan Beckham,76 x 76 - 16,1,8,3,
867,2021-06-09 10:17,2021,6,9,10:17,Post-Season,LC,I,1006,LCI1006,23,Ryan Beckham,76 x 76 - 16,9,0,1,
868,2021-06-09 10:17,2021,6,9,10:17,Post-Season,LC,I,1006,LCI1006,24,Ryan Beckham,76 x 76 - 16,4,9,0,
869,2021-06-09 10:17,2021,6,9,10:17,Post-Season,LC,I,1006,LCI1006,25,Ryan Beckham,76 x 76 - 16,13,28,1,
870,2021-06-09 10:17,2021,6,9,10:17,Post-Season,LC,I,1006,LCI1006,26,Ryan Beckham,76 x 76 - 16,0,0,0,
871,2021-06-09 10:17,2021,6,9,10:17,Post-Season,LC,I,1006,LCI1006,27,Ryan Beckham,76 x 76 - 16,22,0,0,
872,2021-06-09 10:17,2021,6,9,10:17,Post-Season,LC,I,1006,LCI1006,28,Ryan Beckham,76 x 76 - 16,4,10,0,
873,2021-06-09 10:17,2021,6,9,10:17,Post-Season,LC,I,1006,LCI1006,29,Ryan Beckham,76 x 76 - 16,3,6,2,
874,2021-06-09 10:17,2021,6,9,10:17,Post-Season,LC,I,1006,LCI1006,30,Ryan Beckham,76 x 76 - 16,7,3,3,
875,2021-06-09 8:45,2021,6,9,8:45,Post-Season,LC,O,1001,LCO1001,1,Ryan Beckham,76 x 76 - 16,0,6,6,
876,2021-06-09 8:45,2021,6,9,8:45,Post-Season,LC,O,1001,LCO1001,2,Ryan Beckham,76 x 76 - 16,4,3,0,
877,2021-06-09 8:45,2021,6,9,8:45,Post-Season,LC,O,1001,LCO1001,3,Ryan Beckham,76 x 76 - 16,0,0,0,
878,2021-06-09 8:45,2021,6,9,8:45,Post-Season,LC,O,1001,LCO1001,4,Ryan Beckham,76 x 76 - 16,66,129,30,
879,2021-06-09 8:45,2021,6,9,8:45,Post-Season,LC,O,1001,LCO1001,5,Ryan Beckham,76 x 76 - 16,1,25,1,
880,2021-06-09 8:45,2021,6,9,8:45,Post-Season,LC,O,1001,LCO1001,6,Ryan Beckham,76 x 76 - 16,2,26,2,
881,2021-06-09 8:45,2021,6,9,8:45,Post-Season,LC,O,1001,LCO1001,7,Ryan Beckham,76 x 76 - 16,1,30,5,
882,2021-06-09 8:45,2021,6,9,8:45,Post-Season,LC,O,1001,LCO1001,8,Ryan Beckham,76 x 76 - 16,5,27,8,
883,2021-06-09 8:45,2021,6,9,8:45,Post-Season,LC,O,1001,LCO1001,9,Ryan Beckham,76 x 76 - 16,5,49,11,
884,2021-06-09 8:45,2021,6,9,8:45,Post-Season,LC,O,1001,LCO1001,10,Ryan Beckham,76 x 76 - 16,4,38,6,
885,2021-06-09 8:45,2021,6,9,8:45,Post-Season,LC,O,1001,LCO1001,11,Ryan Beckham,76 x 76 - 16,1,27,6,
886,2021-06-09 8:45,2021,6,9,8:45,Post-Season,LC,O,1001,LCO1001,12,Ryan Beckham,76 x 76 - 16,1,22,1,
887,2021-06-09 8:45,2021,6,9,8:45,Post-Season,LC,O,1001,LCO1001,13,Ryan Beckham,76 x 76 - 16,3,47,6,
888,2021-06-09 8:45,2021,6,9,8:45,Post-Season,LC,O,1001,LCO1001,14,Ryan Beckham,76 x 76 - 16,1,45,5,
889,2021-06-09 8:45,2021,6,9,8:45,Post-Season,LC,O,1001,LCO1001,15,Ryan Beckham,76 x 76 - 16,3,28,9,
890,2021-06-09 8:45,2021,6,9,8:45,Post-Season,LC,O,1001,LCO1001,16,Ryan Beckham,76 x 76 - 16,31,63,14,
891,2021-06-09 8:45,2021,6,9,8:45,Post-Season,LC,O,1001,LCO1001,17,Ryan Beckham,76 x 76 - 16,8,21,8,
892,2021-06-09 8:45,2021,6,9,8:45,Post-Season,LC,O,1001,LCO1001,18,Ryan Beckham,76 x 76 - 16,22,34,13,
893,2021-06-09 8:45,2021,6,9,8:45,Post-Season,LC,O,1001,LCO1001,19,Ryan Beckham,76 x 76 - 16,24,24,4,
894,2021-06-09 8:45,2021,6,9,8:45,Post-Season,LC,O,1001,LCO1001,20,Ryan Beckham,76 x 76 - 16,6,33,7,
895,2021-06-09 8:45,2021,6,9,8:45,Post-Season,LC,O,1001,LCO1001,21,Ryan Beckham,76 x 76 - 16,15,23,22,
896,2021-06-09 8:45,2021,6,9,8:45,Post-Season,LC,O,1001,LCO1001,22,Ryan Beckham,76 x 76 - 16,16,27,4,
897,2021-06-09 8:45,2021,6,9,8:45,Post-Season,LC,O,1001,LCO1001,23,Ryan Beckham,76 x 76 - 16,19,35,9,
898,2021-06-09 8:45,2021,6,9,8:45,Post-Season,LC,O,1001,LCO1001,24,Ryan Beckham,76 x 76 - 16,19,31,7,
899,2021-06-09 8:45,2021,6,9,8:45,Post-Season,LC,O,1001,LCO1001,25,Ryan Beckham,76 x 76 - 16,20,51,8,
900,2021-06-09 8:45,2021,6,9,8:45,Post-Season,LC,O,1001,LCO1001,26,Ryan Beckham,76 x 76 - 16,52,42,4,
901,2021-06-09 8:45,2021,6,9,8:45,Post-Season,LC,O,1001,LCO1001,27,Ryan Beckham,76 x 76 - 16,32,24,12,
902,2021-06-09 8:45,2021,6,9,8:45,Post-Season,LC,O,1001,LCO1001,28,Ryan Beckham,76 x 76 - 16,32,91,9,
903,2021-06-09 8:45,2021,6,9,8:45,Post-Season,LC,O,1001,LCO1001,29,Ryan Beckham,76 x 76 - 16,9,35,19,
904,2021-06-09 8:45,2021,6,9,8:45,Post-Season,LC,O,1001,LCO1001,30,Ryan Beckham,76 x 76 - 16,32,48,15,
905,2021-06-10 8:09,2021,6,10,8:09,Post-Season,CR,O,1003,CRO1003,1,Ryan Beckham,76 x 76 - 16,0,0,0,
906,2021-06-10 8:09,2021,6,10,8:09,Post-Season,CR,O,1003,CRO1003,2,Ryan Beckham,76 x 76 - 16,4,26,2,
907,2021-06-10 8:09,2021,6,10,8:09,Post-Season,CR,O,1003,CRO1003,3,Ryan Beckham,76 x 76 - 16,6,14,10,
908,2021-06-10 8:09,2021,6,10,8:09,Post-Season,CR,O,1003,CRO1003,4,Ryan Beckham,76 x 76 - 16,1,12,4,
909,2021-06-10 8:09,2021,6,10,8:09,Post-Season,CR,O,1003,CRO1003,5,Ryan Beckham,76 x 76 - 16,0,11,5,
910,2021-06-10 8:09,2021,6,10,8:09,Post-Season,CR,O,1003,CRO1003,6,Ryan Beckham,76 x 76 - 16,5,23,2,
911,2021-06-10 8:09,2021,6,10,8:09,Post-Season,CR,O,1003,CRO1003,7,Ryan Beckham,76 x 76 - 16,0,5,1,
912,2021-06-10 8:09,2021,6,10,8:09,Post-Season,CR,O,1003,CRO1003,8,Ryan Beckham,76 x 76 - 16,3,19,8,
913,2021-06-10 8:09,2021,6,10,8:09,Post-Season,CR,O,1003,CRO1003,9,Ryan Beckham,76 x 76 - 16,2,16,0,
914,2021-06-10 8:09,2021,6,10,8:09,Post-Season,CR,O,1003,CRO1003,10,Ryan Beckham,76 x 76 - 16,0,0,2,
915,2021-06-10 8:09,2021,6,10,8:09,Post-Season,CR,O,1003,CRO1003,11,Ryan Beckham,76 x 76 - 16,0,5,2,
916,2021-06-10 8:09,2021,6,10,8:09,Post-Season,CR,O,1003,CRO1003,12,Ryan Beckham,76 x 76 - 16,0,10,6,
917,2021-06-10 8:09,2021,6,10,8:09,Post-Season,CR,O,1003,CRO1003,13,Ryan Beckham,76 x 76 - 16,3,6,3,
918,2021-06-10 8:09,2021,6,10,8:09,Post-Season,CR,O,1003,CRO1003,14,Ryan Beckham,76 x 76 - 16,5,7,2,
919,2021-06-10 8:09,2021,6,10,8:09,Post-Season,CR,O,1003,CRO1003,15,Ryan Beckham,76 x 76 - 16,0,14,4,
920,2021-06-10 8:09,2021,6,10,8:09,Post-Season,CR,O,1003,CRO1003,16,Ryan Beckham,76 x 76 - 16,2,7,1,
921,2021-06-10 8:09,2021,6,10,8:09,Post-Season,CR,O,1003,CRO1003,17,Ryan Beckham,76 x 76 - 16,3,3,2,
922,2021-06-10 8:09,2021,6,10,8:09,Post-Season,CR,O,1003,CRO1003,18,Ryan Beckham,76 x 76 - 16,1,9,3,
923,2021-06-10 8:09,2021,6,10,8:09,Post-Season,CR,O,1003,CRO1003,19,Ryan Beckham,76 x 76 - 16,1,7,4,
924,2021-06-10 8:09,2021,6,10,8:09,Post-Season,CR,O,1003,CRO1003,20,Ryan Beckham,76 x 76 - 16,12,12,2,
925,2021-06-10 8:09,2021,6,10,8:09,Post-Season,CR,O,1003,CRO1003,21,Ryan Beckham,76 x 76 - 16,0,0,0,
926,2021-06-10 8:09,2021,6,10,8:09,Post-Season,CR,O,1003,CRO1003,22,Ryan Beckham,76 x 76 - 16,7,2,1,
927,2021-06-10 8:09,2021,6,10,8:09,Post-Season,CR,O,1003,CRO1003,23,Ryan Beckham,76 x 76 - 16,6,15,2,
928,2021-06-10 8:09,2021,6,10,8:09,Post-Season,CR,O,1003,CRO1003,24,Ryan Beckham,76 x 76 - 16,3,22,2,
929,2021-06-10 8:09,2021,6,10,8:09,Post-Season,CR,O,1003,CRO1003,25,Ryan Beckham,76 x 76 - 16,4,35,0,
930,2021-06-10 8:09,2021,6,10,8:09,Post-Season,CR,O,1003,CRO1003,26,Ryan Beckham,76 x 76 - 16,3,7,3,
931,2021-06-10 8:09,2021,6,10,8:09,Post-Season,CR,O,1003,CRO1003,27,Ryan Beckham,76 x 76 - 16,4,9,3,
932,2021-06-10 8:09,2021,6,10,8:09,Post-Season,CR,O,1003,CRO1003,28,Ryan Beckham,76 x 76 - 16,0,9,0,
933,2021-06-10 8:09,2021,6,10,8:09,Post-Season,CR,O,1003,CRO1003,29,Ryan Beckham,76 x 76 - 16,3,7,2,
934,2021-06-10 8:09,2021,6,10,8:09,Post-Season,CR,O,1003,CRO1003,30,Ryan Beckham,76 x 76 - 16,0,15,3,
935,2021-06-10 9:04,2021,6,10,9:04,Post-Season,CR,N,1005,CRN1005,1,Ryan Beckham,76 x 76 - 16,5,13,2,
936,2021-06-10 9:04,2021,6,10,9:04,Post-Season,CR,N,1005,CRN1005,2,Ryan Beckham,76 x 76 - 16,3,7,10,
937,2021-06-10 9:04,2021,6,10,9:04,Post-Season,CR,N,1005,CRN1005,3,Ryan Beckham,76 x 76 - 16,13,33,3,
938,2021-06-10 9:04,2021,6,10,9:04,Post-Season,CR,N,1005,CRN1005,4,Ryan Beckham,76 x 76 - 16,3,14,12,
939,2021-06-10 9:04,2021,6,10,9:04,Post-Season,CR,N,1005,CRN1005,5,Ryan Beckham,76 x 76 - 16,8,19,11,
940,2021-06-10 9:04,2021,6,10,9:04,Post-Season,CR,N,1005,CRN1005,6,Ryan Beckham,76 x 76 - 16,12,12,8,
941,2021-06-10 9:04,2021,6,10,9:04,Post-Season,CR,N,1005,CRN1005,7,Ryan Beckham,76 x 76 - 16,22,20,12,
942,2021-06-10 9:04,2021,6,10,9:04,Post-Season,CR,N,1005,CRN1005,8,Ryan Beckham,76 x 76 - 16,9,9,0,
943,2021-06-10 9:04,2021,6,10,9:04,Post-Season,CR,N,1005,CRN1005,9,Ryan Beckham,76 x 76 - 16,33,23,5,
944,2021-06-10 9:04,2021,6,10,9:04,Post-Season,CR,N,1005,CRN1005,10,Ryan Beckham,76 x 76 - 16,10,0,2,
945,2021-06-10 9:04,2021,6,10,9:04,Post-Season,CR,N,1005,CRN1005,11,Ryan Beckham,76 x 76 - 16,22,26,6,
946,2021-06-10 9:04,2021,6,10,9:04,Post-Season,CR,N,1005,CRN1005,12,Ryan Beckham,76 x 76 - 16,7,7,7,
947,2021-06-10 9:04,2021,6,10,9:04,Post-Season,CR,N,1005,CRN1005,13,Ryan Beckham,76 x 76 - 16,35,20,10,
948,2021-06-10 9:04,2021,6,10,9:04,Post-Season,CR,N,1005,CRN1005,14,Ryan Beckham,76 x 76 - 16,27,3,9,
949,2021-06-10 9:04,2021,6,10,9:04,Post-Season,CR,N,1005,CRN1005,15,Ryan Beckham,76 x 76 - 16,16,16,10,
950,2021-06-10 9:04,2021,6,10,9:04,Post-Season,CR,N,1005,CRN1005,16,Ryan Beckham,76 x 76 - 16,12,16,0,
951,2021-06-10 9:04,2021,6,10,9:04,Post-Season,CR,N,1005,CRN1005,17,Ryan Beckham,76 x 76 - 16,4,0,0,
952,2021-06-10 9:04,2021,6,10,9:04,Post-Season,CR,N,1005,CRN1005,18,Ryan Beckham,76 x 76 - 16,38,11,1,
953,2021-06-10 9:04,2021,6,10,9:04,Post-Season,CR,N,1005,CRN1005,19,Ryan Beckham,76 x 76 - 16,16,0,2,
954,2021-06-10 9:04,2021,6,10,9:04,Post-Season,CR,N,1005,CRN1005,20,Ryan Beckham,76 x 76 - 16,11,7,4,
955,2021-06-10 9:04,2021,6,10,9:04,Post-Season,CR,N,1005,CRN1005,21,Ryan Beckham,76 x 76 - 16,9,6,4,
956,2021-06-10 9:04,2021,6,10,9:04,Post-Season,CR,N,1005,CRN1005,22,Ryan Beckham,76 x 76 - 16,10,10,7,
957,2021-06-10 9:04,2021,6,10,9:04,Post-Season,CR,N,1005,CRN1005,23,Ryan Beckham,76 x 76 - 16,15,10,9,
958,2021-06-10 9:04,2021,6,10,9:04,Post-Season,CR,N,1005,CRN1005,24,Ryan Beckham,76 x 76 - 16,20,3,4,
959,2021-06-10 9:04,2021,6,10,9:04,Post-Season,CR,N,1005,CRN1005,25,Ryan Beckham,76 x 76 - 16,32,13,5,
960,2021-06-10 9:04,2021,6,10,9:04,Post-Season,CR,N,1005,CRN1005,26,Ryan Beckham,76 x 76 - 16,12,7,1,
961,2021-06-10 9:04,2021,6,10,9:04,Post-Season,CR,N,1005,CRN1005,27,Ryan Beckham,76 x 76 - 16,8,17,2,
962,2021-06-10 9:04,2021,6,10,9:04,Post-Season,CR,N,1005,CRN1005,28,Ryan Beckham,76 x 76 - 16,43,17,5,
963,2021-06-10 9:04,2021,6,10,9:04,Post-Season,CR,N,1005,CRN1005,29,Ryan Beckham,76 x 76 - 16,24,7,5,
964,2021-06-10 9:04,2021,6,10,9:04,Post-Season,CR,N,1005,CRN1005,30,Ryan Beckham,76 x 76 - 16,13,2,0,
